temperature,humidity,crop_growth,luminous_intensity,co2_concentration,total_radiation
20.87974371,82.00274423,29.44606392482905,8.67735526697563,435.611225664072,188.19495775411988
21.77046169,80.31964408,12.851182636936995,5.754287955222303,401.45185974634256,70.96362942364794
23.00445915,82.3207629,29.363912891054824,9.875230096038331,357.4179627074981,191.97607728111197
26.49109635,80.15836264,26.20773239299878,8.023684684293785,363.6943055002588,55.76138848397649
20.13017482,81.60487287,28.236236135835615,8.12051188272924,410.35645777701023,185.25970154082896
23.05804872,83.37011772,23.61311519614218,10.873767569219408,428.7284296936261,135.92906584189868
22.70883798,82.63941394,15.333693105308976,8.726839860577611,398.3170075705707,121.1736596015814
20.27774362,82.89408619,20.835640482532128,10.719887142177978,379.8472815222341,195.7361604567481
24.51588066,83.5352163,26.64065576840069,11.600185637716663,446.3333843786954,73.44697633488323
23.22397386,83.03322691,24.368852917432807,6.413153902771772,377.3990151601595,72.79170148098056
26.52723513,81.41753846,20.459145741082907,6.43288482293385,397.4717144170916,88.35389727182411
23.97898217,81.45061596,15.404600446017936,8.554866438403772,387.838957847824,162.39579093341422
26.80079604,,15.69649075752503,5.962473079366161,359.04279531520604,196.08297109004903
24.01497622,82.05687182,18.102299560975805,10.509164776834664,439.9141828695301,83.06454514117044
25.66585205,80.66385045,19.742522826826036,7.613462956316367,431.6839322952465,78.3083947509769
24.28209415,80.30025587,23.34511451117176,10.168697865057386,386.14283047459605,117.26676065919187
21.58711777,82.7883708,12.287843010348428,10.748001538790213,435.4804751841295,182.0508467996191
23.79391957,80.41817957,20.505529046999705,8.914357978526676,362.0769125293712,74.4938501084522
21.8652524,80.1923008,19.86297771132577,9.604758001573376,449.099982387764,75.75147164765943
23.57943626,83.58760316,25.75100657263861,5.156131899329995,,87.37678676139276
21.32504158,80.47476396,17.850955791197684,11.30220543702904,386.9120485709592,145.35805048578587
25.15745531,83.11713476,16.92544358289537,7.193711117792186,380.1545777290284,69.95604214677172
21.94766735,80.97384195,13.9285897742515,8.401741241240257,427.3210034453396,177.95358783440952
21.0525355,82.67839517,15.054079970805905,8.353858331438325,422.1631803965448,68.9503249773089
23.48381344,81.33265073,21.665501586766386,11.40035146640266,387.1073930580847,56.29101402022205
25.0756354,80.52389148,13.741746858175928,8.232858165322387,434.99224295037806,161.99888092080016
26.35927159,84.04403589,25.52548813642485,5.029698818479235,354.2222341724808,123.91618268614567
24.52922681,80.54498576,16.9004052999644,7.130601915609544,387.0109983219061,186.48685102113703
20.77576147,84.49774397,14.07087343441151,8.20556958897901,382.4049654362147,54.46000266994612
22.30157427,80.64416466,12.41872292580177,6.495707284772177,385.59068019596657,123.11369498702734
21.44653958,84.94375962,24.03853195047953,7.395417364492115,409.13507585559415,143.3450708523203
22.17931888,80.33127223,11.78666410407552,7.827432567657639,449.7528366782212,112.78792329339365
24.52783742,82.73685569,18.58080280678941,10.681930603549745,440.5935604117024,73.55137622003463
20.26707606,81.63895217,12.173006937040183,7.411662488078816,437.3522817666761,134.2455911192905
25.7354293,83.88266234,23.33402741040184,11.435795412825094,428.43707637137913,127.80651505647134
26.79533926,82.1480873,23.978828255346407,11.40265470663751,440.2770546568698,148.6785351076055
26.75754171,81.17734011,20.463412227529027,6.288513600129082,,185.9919749922708
23.86330467,83.15250801,18.19548533667535,9.659394559081736,423.024884017376,57.9637403385222
21.01944696,82.95221726,19.47400022303122,10.173810986216726,381.3204769233853,142.7926757284559
24.17298839,83.7287574,10.470323050276075,6.112574760750782,446.1576903753747,162.2816929151758
22.78133816,82.06719137,19.71000774484648,10.665139917708814,415.2461742627597,65.14449898572833
25.62980105,83.52842314,17.241898182189612,10.912255011011943,428.6996405925293,161.6658188784206
25.59704938,80.14509262,23.532235559361865,8.76691037407468,401.04588920009286,74.7326110897238
23.83067496,84.81360127,22.691620214136808,6.60503715579402,437.1088966025384,195.8162786796658
26.31355498,82.36698992,10.924939769484348,9.8176727910344,368.0356909411808,181.7079578905352
24.8972823,80.52586088,14.65936235062398,7.719460462143672,407.8865852923116,130.2798842463123
24.958779,84.47963372,15.672750919557645,10.14681184399114,,87.01920348090971
23.24113501,84.59201843,20.81748305905524,11.91334985819856,392.47297638412806,57.79366971753189
21.66628296,80.70960551,16.434935959029833,8.620858210010176,373.4682793057467,151.98828590293806
24.63544858,80.41363018,14.83400005660129,7.029931524736568,420.6499543076612,98.02721357338356
23.43121862,83.06310136,24.8121987674652,7.1699310899608175,409.3179306793328,90.25123166275117
20.0454142,80.3477562,10.907756040294556,9.518815468591033,446.2142258989603,126.16351024579018
23.85724032,82.22572988,29.146041129266138,8.706770211778142,364.4324680916244,130.24024403885724
21.97199397,81.89918197,21.279364223543475,9.694557135285129,359.3430403515077,101.3128211428695
26.22916897,83.83625819,16.404267961783816,9.506083980727048,410.9776457780935,124.08871632013896
23.44676801,84.79352417,13.104904061824998,10.10608178157582,420.6999516017301,141.51172728195272
25.65553461,83.47021081,21.98743157620418,8.364997214765754,372.50119767131713,63.70842566808378
24.44345477,82.45432595,23.16205187173825,11.579201458855032,414.9572079183464,58.534785406313375
20.2801937,82.1235421,14.510480330649036,10.075854149612365,419.8428193210746,131.47925278847293
21.7238313,80.2389895,13.538539648190984,9.153951848687026,399.27840636225307,53.32331105162666
20.41447029,82.20802629,14.592365270038036,10.994239280777904,393.2001556575748,53.445356185109375
25.75528612,83.51827127,14.696973511495068,10.098612476063089,425.2990992370175,90.09117542879709
20.61521424,83.77345559,19.56912273836052,8.962662837776401,430.7068862283997,67.82375808154919
21.84106875,80.72886384,13.825855174688847,9.139950658853223,366.15574674408026,59.54664820922447
20.08369642,83.29114712,12.798551225078883,8.493220515439155,361.02091567323566,134.0076579778979
24.45802087,82.74835604,16.952351417059347,10.018050387435224,401.1430304659543,170.64946473485531
21.14347496,80.33502926,15.393957784044227,9.361882068000092,353.1164708535708,60.55799294468706
25.78720567,82.11124033,10.308661233612549,7.191549350538006,401.4504766264109,71.62588155356148
23.64124821,80.28597873,18.880685233418696,10.831767020718932,428.4283883385776,161.1511192985543
23.43191632,80.56887849,23.365152996616825,10.630830430978955,431.437947572399,139.16901748610525
24.97669518,83.891805,18.82594598228736,10.805946367333611,426.82988928449737,188.18436225462816
22.72791041,82.1706881,26.46537120009733,9.143613979505744,392.14531137505486,92.15260517357126
24.87300744,82.84022551,28.479208747976088,9.982401859212954,352.6022202925,108.033406931707
21.32376327,83.00320459,26.958458153643253,11.513024035041528,405.7932062139446,127.8709880901036
26.29465461,84.56919326,12.692405256703813,10.107386654563172,378.88278792276606,177.6444672214584
22.2286982,81.85872947,21.74293462232248,8.555142534523862,387.7311859883452,110.18419685355283
26.73072391,81.78596776,11.75158593268405,7.738664534793937,416.6140621933331,104.4842425093012
24.88921174,81.97927117,16.512010148068555,10.916537773149614,391.0619312352157,98.5371975997906
26.88444878,81.46033732,29.615404320651862,6.984510379676158,442.4042944499589,162.12832940612995
22.67846116,83.72874389,25.619096306119157,7.693171089062004,417.594528247409,198.32016072814443
26.08867875,80.37979919,19.69262826236996,10.20137176731399,424.7263248932942,82.9523141465906
25.42977518,82.94682591,11.875026900296128,9.96686366052047,359.42617040101936,135.7377885014937
26.40323239,81.05635517,28.761611146685205,10.212025418448317,387.74246291258265,94.50164703380148
26.04371967,84.96907151,16.7470551416293,11.322839349737604,365.87111715462606,156.71569404413762
25.2827223,80.54372813,12.612552024800824,8.168906404433727,361.3941933555856,192.22689965854005
22.08576562,83.47038318,28.298454436135017,9.381699483527832,371.3671497925157,80.39865991915731
23.28617173,81.43321641,27.219011180701177,5.569152367667043,405.5040918139793,194.8462494962094
25.48591986,81.40633547,17.8886838179578,8.449936908327008,388.47047426130456,197.88295846111785
23.67575393,81.03569343,25.94992794053368,11.85680927654324,415.9530824293208,102.7245311499158
20.82477109,84.1341879,12.50657530419173,10.671771298160095,396.471249525371,136.02909931446464
26.92995077,81.91411159,28.25910002250434,6.378760462518726,352.4409810980666,69.7809545775652
23.83509503,83.88387074,13.91157577786971,6.990586093261763,380.0805206318279,186.9294298835475
26.52872817,80.12267476,10.664596611430836,10.30512371925064,383.25166153387386,165.79366141632315
26.46428311,83.85642678,17.122876153973998,8.443883260881767,399.3725140164827,163.60040788315183
22.69657794,82.81088865,16.194472911082855,6.42389127289027,354.79099601781576,184.354922400092
22.68319059,83.46358271,23.81684773602596,5.122433172035966,357.582393683782,118.59008039681912
21.53346343,82.14004101,27.740009084178773,5.42947414856075,449.1218921098511,125.66994046168377
21.40865769,83.3293191,11.523065573544692,6.462053281841766,392.9445046447296,130.37475284044007
26.54348085,84.67353597,14.7774823617743,6.99683917257488,388.5297715339604,172.4208991438148
23.35905428,83.59512273,28.968310478447773,10.339150689269,421.0235609131879,81.77991296914234
22.61359953,63.69070564,28.15611423752392,10.4576601616066,418.1292073546417,162.70904483875375
26.10018422,71.57476937,20.077735685013888,10.289859638018283,365.4848925326893,60.31843581473337
23.55882094,71.59351368,15.374348473394676,6.339511862572754,418.97470876214027,90.038070568537
19.97215954,57.68272924,27.03065827167512,6.344720978162365,409.4140461799825,121.56979071519592
18.47891261,62.69503871,26.64690297120908,6.945164306014915,422.2249570742907,135.4694481586128
21.77689322,57.80840636,16.916115717602835,9.282074793155324,427.29145013841145,156.83349954557946
25.6217169,66.50415474,23.187377578327315,,361.9329794791084,70.01148158526053
25.19192419,66.6902901,23.96198764939306,7.974367761373823,375.0466957498826,69.1423489369196
20.41683147,62.5542482,25.43969221505493,8.128670502444741,365.6036279502623,127.23637324936809
24.92162194,66.78627406,18.810809946739603,7.355747703474254,410.56049975561785,97.43424879026092
23.31689124,73.4541537,18.35536638092298,9.938918604408634,394.4056601902954,143.0151720293891
24.84016732,68.3584573,15.475575411009304,11.285436917010385,366.49567072399606,130.07543366050697
22.27526694,58.84015925,28.81810743413301,9.36311331410015,362.51840622472565,156.5443354532003
18.87751445,65.76816093,16.51598934276396,9.541492150387434,411.5608582911162,64.90979248812386
25.19008683,60.2001687,20.220159164922585,7.423576255500406,351.65914469014217,163.91622978418593
18.25405352,55.28220433,29.564409215525536,11.192985136397244,357.8076384307208,83.2757211170948
24.6129118,70.4162444,20.02109254320799,10.772228518270596,392.7139043478131,111.69765438364496
25.1420613,65.26185135,29.564065781027196,9.571397394060488,395.6082094108026,102.32510768412166
23.09348056,60.1159381,17.777308012949078,8.139861891424822,394.98459197401326,166.57231522635095
18.05033737,62.89366992,28.361883052679257,7.681525712895155,380.7963324132751,55.12069480853036
24.9321581,73.80435276,25.08406622790464,10.397123987862376,386.8619027811957,169.53659841875515
18.14710054,71.09445342,16.483831774064306,9.379188921868618,371.8112027959144,86.61070677800393
18.28362235,66.65952796,10.557327891943224,10.83192583282395,364.679340186274,58.47081771157484
18.83344471,58.75082029,20.709097635329297,9.891744119864368,435.28434448948826,178.5840260359625
25.71895816,67.22190688,21.22619485890013,11.947405276289771,431.98059043394665,179.69058134877503
25.33797709,68.49835977,26.550300867005102,11.9112554720343,417.6657456963728,128.99762556641122
23.89114571,57.48775781,19.783968908523512,10.335042866881452,414.8819147289122,116.7154630883587
21.53574127,71.50905983,13.366998531307289,5.212174170651337,393.0346068562641,109.0361329204643
23.08974909,63.10459626,11.766911669745031,10.02693325768997,374.7561366651767,79.36313101485527
25.61707368,63.4711755,20.70903958586095,11.925229223232812,402.94879540520617,194.46537178757612
21.44526922,63.1621551,12.024365136909855,7.025473918542891,437.6674881049109,138.7770689068788
18.51816776,55.53128131,10.825667707107044,,360.1340384618379,68.20600730927012
22.53510514,67.99257471,10.31015108426444,5.321100794191025,393.3839594354544,62.52098834181867
23.02038334,61.89472002,25.994938800495667,7.929225231230511,391.6898360979191,98.300501869008
24.89364635,65.61418761,16.11860233000442,9.35492288249931,390.82424230746005,138.24007836765517
25.77175115,74.089114,16.18147559658525,7.139734066592972,,148.0560576055633
19.39851734,62.35750641,15.5097196119876,5.693955811265353,403.2726882501837,181.35636770905035
21.54156232,59.64024162,25.40648231124742,5.421761267587175,422.9332074015874,177.3899730581817
23.79746068,74.82913698,22.6919053080773,7.98570892490657,431.1193253745016,175.05313499022634
18.9802729,74.52600826,28.784592006394572,10.550047413011114,449.69869557543313,161.27349181695152
24.10859207,73.13112261,14.69504496019837,8.677477727721634,428.6027601702945,79.44767278280503
24.7947077,70.04556743,17.626428704420114,10.166162207907812,366.41285411311605,132.20877116174552
21.63162756,60.27766379,25.58405607247876,8.843296433572885,424.67630974491885,166.04727940670887
25.37548751,57.21025565,24.3952801312897,5.585151224634395,397.44774475788194,132.88521727386944
22.21738222,72.85462807,22.423386416477808,11.840331199765425,420.9445594706832,173.4000279177962
20.58314011,69.00128641,14.48966526248931,10.19123093058968,437.9304508700769,69.14680302954363
24.87502824,68.74248334,21.26041449846777,7.077418010925226,444.7979525227851,107.43116395731514
20.03728219,56.35606753,25.00861027953608,8.508133170032366,417.0069817058546,115.02329779434896
25.95263264,61.89082199,27.45962737569484,7.886227116144518,393.7830108957594,105.38261729102705
19.28889933,65.47050802,28.43589067014948,5.280586264089705,411.31808573902697,60.8791805192695
20.57981887,65.34583901,25.405561379933715,9.201812197219205,352.76457613836914,64.62263325490517
24.71417533,56.73426469,28.443769919769352,,354.6669244953803,128.23188523274808
20.27317074,63.91281869,17.177087805545685,,430.7242209915556,149.42298760922466
18.41932981,64.23580251,20.860039409441107,9.47085517222036,385.2710083445663,53.06463216807005
23.39128187,61.74427165,20.17302945406609,5.311372444842171,387.5190857000952,148.77804162927305
19.84939404,61.24500053,27.24057149159221,10.281803884113703,422.457909913992,95.12348051277266
21.869274,61.91044947,25.75189006255298,5.097418919103131,429.385195418356,151.19603335103704
22.8056033,56.50768935,14.633805874356844,9.954512637879551,421.1541811026011,170.47018716051412
19.0781471,69.02298571,18.41980355150965,10.19609968097122,395.0214147076055,118.15717889321736
22.02720976,65.35549924,11.813093986606347,6.036377526282939,412.9796765255336,97.04732635043786
23.80546189,59.24537979,20.040852237917964,9.79578208333223,361.7889226115452,129.4272078394163
18.52510753,69.0276233,18.104902150279425,8.233334952892696,436.45429971958566,111.92986900866882
23.50297882,61.32026065,29.26467351986148,11.723327994690862,370.4720044173768,185.46798667770727
26.54986394,72.89187265,19.331725558633,8.041045784160316,390.8523909704385,156.80611532643263
19.29563411,69.63481219,16.30111470104408,10.958720364359795,363.0267580498317,179.1024591202059
20.68899915,59.4375337,15.481196021626536,7.958415540105081,421.30261683249614,96.76359102397306
19.32666088,68.034493,26.570913509730723,5.187140972272441,377.58557225776354,74.37916665193858
24.60532218,73.58868502,15.55441258248264,7.663928217899676,448.06664727103794,156.22444744804625
22.27373646,59.52193158,15.74570393886939,8.523533077749091,369.1809942625622,50.5137904119127
25.70196694,61.33450447,17.363971184414066,8.128524498155933,386.26761176327057,56.75320571605474
19.20129357,68.30578978,16.247215558153485,8.592736669086673,426.6477759505081,80.9585165361021
21.70181447,60.47470519,18.8732305939474,6.74855112668991,403.7226708414982,86.32779065484485
20.51716779,59.21235483,24.77973159794391,11.122159845105015,366.9931264906183,125.67340631304896
23.30355338,73.62548442,15.79416857957826,6.683881117699223,435.5682059726941,83.55117940975367
24.2547451,55.64709899,15.119546282543409,8.456038632738139,424.6786165885767,72.83044951894448
24.86374934,65.7420046,11.787229925774788,5.89279330798145,448.923313693228,118.75556175231566
22.6265115,65.77472881,27.32199653303682,11.193790191540508,352.904880652595,72.75606820523552
18.04185513,60.61494304,13.140268766996403,10.196607975259784,397.4356174963996,88.40605515252025
23.26237612,72.33125523,17.31523561761122,7.849243177135962,365.4540671963635,111.11511016724111
22.88330922,71.59722446,25.152751993732775,8.371245021323062,415.7635745919353,183.8360159360633
25.97482359,69.36385721,21.989640068600732,10.342484070593438,442.5406299173002,117.7791919535364
26.14384005,66.20569924,24.61074581078945,6.174129143559844,418.1281007802853,132.00618789090888
18.66116213,61.55327249,23.856300168189968,7.266250392248363,406.4379210866088,153.60052412097752
25.10787449,55.97732754,24.418857520447084,10.551891892896808,366.0808225771917,109.84339982647128
23.33844615,59.24580604,22.223938666202645,9.928580901950046,387.5294136828265,191.48394745399847
,65.92195844,14.870988392069222,8.714014557173432,422.059478644224,132.18604929157254
25.36768364,72.52054555,15.390627022479428,11.342605622109431,408.2629918504056,163.20158796758875
25.34217103,63.31801994,25.52928577439126,8.27430762483107,449.11370290856553,184.61170512474547
25.00933355,67.816568,21.418969534149536,7.381552115301711,382.7387502341104,119.7061575911174
18.66746724,71.516474,29.79614445339352,9.157163231052252,370.5752005160799,113.78725148276588
20.37999665,63.73849998,22.52220633019757,9.02671098190191,377.1710347331981,79.49257075458524
18.09300227,72.61024172,22.16050304824517,9.293838829229468,429.06159045266776,69.08408655433956
26.16985907,71.96246617,25.203148573763222,6.433505948475184,357.1869299069623,51.708005261829
18.65396672,61.37879671,10.829340209454172,11.10019077910031,418.16223693941504,107.80064147950878
26.07470121,59.37147589,26.51320154509817,,424.2189782376373,168.15983659460858
18.92851916,72.80086137,14.204733068318305,7.511533173691788,357.474461591779,157.48038245153631
23.30546753,63.24648023,14.644122612068678,5.673489469340444,442.1524629505832,87.94052548675873
18.74826712,62.49878458,27.443328277090263,7.0227758283696,427.49133042636936,129.96462966860045
19.74213321,59.66263104,23.877505842772575,8.630778875689666,357.11508072541375,191.1797472721646
25.73044432,70.74739256,11.318500163338104,11.4356263702707,356.09461966300614,155.84674722568252
17.02498456,16.98861173,17.883769647178593,11.450264999979892,395.2805561659712,62.12247787492086
19.02061277,17.13159126,27.05509317878045,11.878308835344855,416.79872503934456,59.70228819804632
17.88776475,15.40589717,10.333280500159196,9.041096449529492,386.1343574840493,144.33491944585325
18.86805647,15.65809214,19.18716957882736,10.862606230986676,351.4241212028633,168.05913500315523
18.36952567,19.56381041,17.398324281444683,8.922137133747439,358.1794686531044,50.23297973155482
20.45078582,15.40312102,17.39105459619854,7.319758147818643,409.7098920631005,83.42295509022486
20.6543203,16.60820843,11.86449934520388,8.081814024118177,370.4081608733405,
17.3348681,18.74926979,20.80520694710316,6.061224857756229,410.0611703463969,129.0487393455678
18.17912258,18.90426935,16.855989834990762,10.898630488599764,363.1426364063716,124.79094402149045
,18.30968112,28.194534550199293,11.020217163366166,447.0634882386164,173.177902240913
20.99373558,19.33470387,16.377314990448518,7.635890092464875,425.5362394391332,65.75033912259543
19.46233971,15.22538951,18.649005552034158,8.678865601523844,392.423243434558,60.04976133364728
19.81344531,14.69765308,16.226574044304257,7.22876068290824,410.8708708885899,62.91307477345761
18.97424756,19.5161216,25.460091273127905,8.790221039706333,350.6622023844562,124.47594178376303
18.19737048,14.71070537,16.66349434113963,11.798227277721589,447.03713568310536,186.9701868718644
18.72963144,19.18197264,25.13860270697137,6.405853888337862,391.685792721686,181.735222210214
20.99502153,19.8601304,18.08944050167041,5.381545148145534,417.6517752312346,198.7702532837622
20.28155898,16.39535215,17.54654752624201,10.421650684226345,398.7713767979736,119.37304155990785
17.48042641,15.7559405,10.38199087623738,8.906908007224743,391.4503141600682,195.96949710013843
20.88818675,14.32313811,26.23268612268895,6.773495330284018,360.0131126772707,133.98925020705144
17.08498521,16.14565756,21.29377485094609,11.451315272126989,449.1563024127249,148.4426525548937
20.09340593,15.11279612,21.98104519816333,8.018334118522745,361.5517261115133,80.62196063019674
17.57212145,14.99927489,10.139559488060785,10.554765223975345,363.8349607590321,142.25218145025667
19.12065218,18.43475844,21.162223655975843,10.407197816131974,427.2144432403287,114.0648347834285
18.57665902,19.22008229,29.24766608564906,5.3058959378719965,363.2005448225677,83.18937561577343
17.16606398,14.42457525,12.749978307351926,5.253313913059135,435.3218480028378,174.6626620899322
18.2872007,16.67921616,19.94660520390211,11.59541877685876,416.1453279400823,73.87188460178672
19.03025305,18.66725565,28.161800463685136,5.35860840343292,438.4098402351785,68.57463046394965
17.1418614,17.0662427,14.94566795676447,6.323744634948048,350.99621521094826,64.467382468398
17.47809436,17.93253975,29.54751947015624,10.923211331694134,405.731292510344,169.62259056532866
20.56601874,14.25803981,25.714360682572632,10.15340488219801,381.3442113540241,93.7207325793955
17.22385224,15.82069268,18.75329668639308,6.570016163496534,367.359147468591,152.1965332537667
19.69141713,19.44225438,19.77662735497598,10.750109900367274,389.42411117733184,124.81861532958484
17.84851658,19.09172907,25.01219432511382,10.001646028101856,379.8787571834583,150.64694806976306
18.8202251,16.1074793,23.165716293534224,7.453287233131013,401.0335580904291,84.67342716065369
17.47500984,16.54314829,12.154437978074892,6.789587059964622,396.1329714869652,64.51951608323938
18.72649425,17.58406365,11.480270533958736,8.983284085491416,436.5363175124824,101.3488154533488
18.65580107,16.17772668,27.452257018012133,8.888531866010904,418.85534874282257,115.37056598476032
18.2356751,19.68538502,13.26077622047605,8.617777166746158,402.0965807659653,199.66489031281287
18.81198127,15.21618225,24.21622413859022,6.709050051320754,414.3662135720034,156.58038863375015
18.65054116,17.80852431,29.99492905819812,11.580893894371329,381.4319783584996,189.1240521096317
20.36720401,16.89574311,27.082363240405464,9.78106760211675,412.4025684073879,142.9774075782269
18.38120357,16.63805158,20.394642863959994,10.543237515375498,427.4450898454821,59.36474248096073
17.17012591,17.30457712,22.790242154768656,7.622832633130679,370.41757936505854,71.38914955068967
19.37101121,15.77458129,18.080024986404176,11.88527562971152,432.5100928196487,194.7114229527087
17.92845928,14.27327988,22.78968891335932,8.819669834648794,386.6132603612104,139.34980036646454
19.45339934,18.23490739,14.998251504511178,5.104412430937042,360.4512676755268,54.331370934796176
19.12829388,14.92241479,21.541871460057635,9.293249155490695,384.2576645305164,89.09424079466251
19.1034283,17.26184541,26.772502737496232,10.74922772371636,408.3103542305387,96.524692677145
17.48504075,16.96070581,24.623966249910847,8.109775352355642,424.1117933015513,109.26400411388622
19.40751744,18.98030507,26.38601641316534,6.450882076451939,442.7906871686305,86.06635344157867
20.18649426,19.63719995,19.62846268566769,11.976878669190004,414.3377381232037,73.09052931264073
17.30287885,15.15405941,18.531786438595475,6.809877242010023,430.11625966861294,189.5251187999463
17.50361137,15.48083156,21.73801419770495,6.0010352531995945,396.7579187759338,150.56251841857284
18.17234999,14.70085967,22.03614471986157,11.560346563847704,395.71468852391325,197.4292169939028
17.57445618,16.71826572,21.05992581809401,9.25351685429045,423.9537522666036,84.70099219371035
,18.91295403,24.822017865932946,6.279108826428956,402.3813582419315,80.68377651171865
19.71098332,17.63879418,29.943211443255056,5.552101442312158,404.2258598551211,59.70007420660832
19.07937684,17.86754927,29.0241727125213,9.49797946975448,387.4626467983097,119.74433700694674
18.54988627,16.02542689,11.667579744366584,8.362777405376711,399.64971030590135,123.37947873472778
18.19903647,17.41333199,21.80007413783345,9.975782300155924,400.3889374474538,54.30901306223228
18.88852533,14.99451145,18.067476026225933,9.11380447290488,388.0564188988351,175.87754398196898
18.49311205,14.72115044,24.037268835277036,7.385095763010439,353.548727718767,117.32934165021186
19.48974337,17.17260319,14.23907603538938,7.166337739065072,364.1550525156102,190.95066355422324
17.25769499,18.74943955,11.8285937485254,10.377411334696063,439.90367424049504,93.50844436839998
19.62416326,18.71483156,15.897071974750856,10.692051704546593,444.8943044003912,98.16274814973391
20.67526473,19.85388984,19.947621318367467,5.06580304569626,444.81532222968514,162.31865569220687
20.02381489,16.63294455,28.250741125292,6.918300610057977,371.7952683514761,143.98815300871024
20.1187446,14.44228303,11.656547185356438,10.4822757686118,364.3128827047885,197.01967181900736
20.65691793,15.84572566,29.97996598336817,5.4670364657330985,394.8182140165517,126.45468590001254
19.2582557,14.2804191,27.393446589245823,9.602328608798254,415.5909006385842,53.93529112035176
17.927806,15.85622899,26.478581969419828,8.966390791268909,392.708684942077,116.55764357221682
19.16288268,15.83500655,26.67850111240156,8.181205351753285,353.8579363574177,160.1714048413134
20.26942271,19.96978871,19.73852998653529,10.81564759099324,378.4954209806302,82.32626339444275
17.09104223,18.25142068,28.38369942515904,10.277683329522995,389.14465669767526,171.68021322194417
17.06579293,17.54024066,13.357899296620008,6.742360603458354,400.5607295755464,111.93346662648948
20.62767492,14.44008871,26.94225128596082,5.60519369766758,441.32254461885776,63.16795283211216
20.8248451,17.85057083,12.77954673106138,9.99751534602387,421.8805448358208,135.55733176017026
19.46210401,18.72831993,27.096972090022707,11.139780759827516,372.89853208340304,161.1763131651524
17.18248372,16.42891834,28.901180479380105,6.194122276807066,407.5843319159114,72.60430392587723
17.48911699,16.39055394,13.320788058022774,8.28679838193019,365.2646258124796,174.13136626885782
17.48395377,14.76014523,27.295604427348373,9.313509896804556,441.1628244809847,136.6628479939916
19.48316794,17.44534641,12.970284474954587,7.748139292188885,436.44334394010855,50.954417880407
19.71359733,18.09665739,28.483221209014367,10.16746638856756,383.3155350051756,78.15760186642788
19.48649305,16.06240074,22.84477059004342,8.671086425745088,421.3965292522829,72.44552108567827
19.95264829,14.82633099,14.90137643538507,8.870745425614995,353.41805003064263,127.87082240192696
19.41789736,16.80472243,11.284287837910371,6.692229384622463,416.2721851459184,117.70349254221928
19.45591848,18.02235902,16.865705857598286,5.453685934157896,366.7393557548683,55.61326172153046
20.19137759,16.41998269,13.24948353816419,6.27764189651712,449.2043745512914,108.9088756920103
18.8392908,14.74071856,11.531019543181118,8.719907736566812,385.68783350805097,169.08993056819628
20.71219282,19.83643308,11.107673771458952,11.329621805341104,377.5738891198305,95.44522793873357
18.99424448,15.9362937,15.17605479052179,6.507387069401224,372.1267453975246,188.77076259945252
19.96837462,15.57324389,22.35165870933058,6.705466281529003,379.6650930660781,168.93573909544585
17.81564548,17.60756635,22.86506219543244,8.562131836120892,445.5145991858032,132.28741642007822
20.71424384,15.27824066,10.755513474047405,5.103020707188653,417.7462599925155,152.22147269372917
17.34150229,18.75626255,24.775945985932008,8.89286478561668,406.9590440688067,79.10303559723077
17.43732714,14.33847406,26.67336072523073,7.532076310431481,416.7643495959276,95.00626343603636
18.89780215,19.76182946,13.838533161313348,11.090525679529073,385.377953103392,87.8917147529627
18.59190771,14.77959596,16.847427570162445,8.95693572801621,386.4246741195086,170.19914880503742
18.31561493,15.36143547,11.81700806960412,9.983741398127764,351.00278533495595,97.46521532639952
17.13692774,20.59541693,27.51246858186608,9.51763865893584,426.6788016098191,111.48571649144034
19.63474332,18.90705639,24.96345299589259,6.231957785769042,352.227210564526,196.43177752092893
22.91350245,21.33953114,17.819731660719924,9.820474927772086,409.8125315782006,144.96347686198936
16.43340342,24.24045875,25.651885974975315,7.690638875975539,396.43427029396656,148.3329136887229
22.13974653,23.02251117,26.504125760169867,6.882398075708998,353.2220330655377,129.83547481040168
17.84806561,18.77621951,10.02426042785048,7.985858574754115,426.1520026555052,72.4624461797907
19.88394011,20.31564139,16.541197372535187,9.801117924182222,350.23251557818054,77.50585042481956
19.32509638,23.3334788,20.60363103984137,8.10385608287084,428.9131703124481,93.15715494443177
18.4167001,23.42829938,26.774617745085003,8.691696276342428,423.05915011134505,187.89880840317807
21.81167649,23.20591245,18.425932510115626,10.147254544800164,377.4579200028985,54.301752600177146
19.72702528,18.28173015,24.964031578852484,6.647306472633382,391.48191593438673,121.03178339074496
17.15432954,19.87070659,13.665492297792216,6.863102874634539,436.6565185777047,58.40886177097968
19.62207826,18.67170854,28.832605636216627,7.29836308144607,387.735687781983,158.52983957528153
21.63149148,21.17919701,16.42780693223697,11.425776339303894,441.7842486232988,156.23339403126585
16.06522754,18.72479695,14.433044818296704,6.712534135317046,398.2655886286445,98.62938788443682
20.61162204,24.36314135,10.805769979411888,6.061166628155409,389.2394648345179,50.51541590890589
21.42451099,20.39659714,14.151682493405776,10.600961754558448,377.14977679742304,95.35114280105624
19.07096165,21.21092266,28.75197472595325,5.356433858095645,376.7975400024399,118.48322037922809
21.18853178,19.63438599,16.017119950826903,8.115663155614389,354.05840249070866,131.59770333561914
23.0429097,22.42610972,10.08056813437508,6.738603884521762,430.5793671322704,186.9055514633362
20.65375833,23.10538637,13.94424908706781,9.270579755233388,365.23049751585535,154.4853158709322
18.09551014,18.29318436,22.913729556605283,11.927801913708018,431.9775546455339,128.89512448422803
18.23775702,21.07643273,16.616754025087637,6.240834048179343,415.3513486583844,184.06290632078964
17.48189735,18.8251973,20.70705997669649,9.764585715432307,366.0321174549998,133.62653435192448
19.9191786,21.47324158,26.759698719054494,10.907205820924217,401.235705432997,179.133721699248
20.27514686,23.2353604,14.442414784704404,5.105040889933038,441.0449488566787,96.02627961201024
15.77370214,19.2303162,28.342690862912963,6.085685308283894,385.1189359205954,188.2341126004427
16.71170642,19.17651433,28.26949181978873,8.055430218961114,444.16253713527817,60.38948498563418
17.66148158,18.15302753,12.45355553664742,10.28226541678447,442.1475950829363,137.96694805741024
18.50692825,23.61670065,26.08926270459005,10.895625782799511,412.5373434104419,71.51163528374308
24.51324787,20.81527638,29.59891522667612,6.881596136998308,396.7110919595346,183.56553503648823
18.87614998,24.54038287,16.071083939229037,6.714515918607777,389.5834665160461,187.6363495518408
21.59343016,20.31871249,21.10292381552731,6.669653225795148,391.1300221480855,126.3408696871014
20.12373284,24.45202552,25.961731636860627,6.425579999300101,441.10994482999047,197.95740865981156
15.43546065,18.37477907,22.59439814917546,9.322978023907536,416.1035055042026,56.04815367115822
22.64236876,21.59396123,11.968096013573623,8.692602329140563,407.6770221531585,197.8552941549168
21.98560799,24.87304788,29.11433231879194,11.431351510873498,396.0508468881941,146.87665706891502
20.53052663,18.09224048,15.118545496371134,10.690606846019747,406.71985990295485,89.51464708720701
15.78601387,21.14544088,24.583990699880477,5.358735290398668,443.6646881285994,57.4368363577773
19.6365349,19.68751084,16.475552973043193,11.603880994249158,387.9772769234488,137.4364929841551
20.57341244,19.7520218,16.247993900123042,6.986280007841963,412.1377493919506,104.9010500758297
20.16080524,24.84207559,29.87351889473596,7.703079497809844,354.3321177945103,79.82206258496839
21.53989176,24.25386207,19.8253219033782,11.744196656530406,400.6199110664666,52.91151251891797
15.53834801,23.75560241,26.760166422245693,9.445503943479054,442.9431444410603,176.805006972234
19.91853092,20.70099804,27.762002719534,9.717147211681972,445.15764537349696,171.5160235737656
20.76952209,18.93146941,26.19833580529604,11.375126126669134,350.0013849350592,88.04408120752419
23.46168338,23.22197648,20.47243451773837,9.20042010966154,356.9808787859431,67.7232105892359
24.32116642,21.0278674,16.07083494731713,8.022550311769695,381.7753406560578,180.01543751970692
20.12574053,24.96969858,15.691226228148736,7.049113752307047,415.672638312396,168.04943957666626
21.80619564,18.57086554,21.35430384488906,5.267650819517367,351.8146417893083,160.57205317923018
19.52226241,24.92607153,12.028981062864595,6.435084233850315,352.64004784354523,110.545819697527
17.00067625,19.90790546,22.44296685810167,9.048272961709976,445.4937604146592,59.881271064007976
16.78791503,24.96881755,18.43342367784564,8.160651296465543,412.06765807503984,175.89477094436978
24.84906168,22.89464642,13.942790975596775,7.763281390362714,386.2634944140779,82.90189296034364
16.51783455,20.4555596,17.946604234832,11.837854966891822,419.6882018006906,138.02610245594045
18.15300153,19.38602098,18.922862175409264,6.7599504219788695,399.7032078540656,68.99984517438678
23.18864385,22.3104551,10.971919704895674,5.285055627683736,435.43268551919294,147.2642965500864
23.38002569,21.98879437,26.566190855190783,5.033483697603383,383.9089634685421,104.78459305413752
18.358923,19.37703396,17.618195055144753,8.27509103137341,398.7879534502884,80.36856868382287
19.25975367,20.51346956,21.357883024408736,10.562753713053196,438.0898894077818,101.67694295009824
22.95458237,24.03553105,23.469396541671507,7.931817148431566,371.4771905421615,72.6506806558766
20.120043,22.89845607,15.453491204089453,11.132326674919137,449.17927631874073,138.30996178062065
21.14011423,22.7182355,11.895561105974524,10.697693358897611,405.9554037454089,75.31009670732925
24.92360104,18.22590825,24.542975289438644,5.853525152135354,404.9567011101793,159.124328827684
15.33042636,24.91506728,24.83407740527442,5.968727018086067,403.14446353786127,58.227375897868285
18.81097271,21.27833035,21.17633235202116,7.264297393191812,433.016893024206,176.0496171642922
23.44260668,22.77255917,17.773925549896163,8.685607542022456,406.4316161124042,129.26515867212646
22.8352024,18.97267518,29.080227525230203,11.014997565466466,389.3519046276468,158.4992311323428
24.9035819,22.27512704,20.43591067668373,8.338879033346226,389.361521438987,146.770955929652
,24.35679348,29.676942328809936,10.509278509472324,389.0243582070784,162.8530689133645
22.05592283,19.60379304,23.90900735942316,5.428770197081969,447.2154814074708,99.7459900077683
18.87492997,20.18238348,19.895010310467995,11.6946613214166,439.320384352148,107.1857264023904
18.62328774,23.02410338,16.61647633429648,8.375584900252374,403.95165539027016,172.03400089093364
23.00884744,18.86880997,28.899088824927887,11.154081719571296,393.2739561830392,129.19948973563672
19.33162606,24.13995025,26.16962610505743,6.982162159023001,409.59307893018126,112.14150979645017
16.24469193,21.35793891,18.355384003808155,5.000725850236799,355.4159957619112,173.95436604816672
17.91652287,24.90814655,29.2824667028517,6.854594622738157,427.0074417677744,189.1480747453213
15.46789263,21.43780702,11.983118511669431,9.988099591802976,374.1204491289247,91.87792496729833
17.06104474,23.77201471,17.906917426643606,5.329953219128357,418.1176724431083,101.15413851521564
21.32776028,18.48522915,21.161898388489256,7.246797566094891,443.5440481589047,122.69279795628792
23.90910104,20.74619325,15.353073018423906,10.440015464412266,369.1355861723296,181.44932599857037
23.89756791,22.74378977,13.788061540765955,5.632876165931489,354.36124844902946,120.7772764451618
22.98666928,20.57940608,13.23421114798425,9.760573082298034,411.4834894324374,144.47395894144205
21.35135729,22.91244883,21.737838617637927,7.649346895739051,448.37513233511953,89.89334344973517
24.1638445,19.27907819,27.837638914081943,7.430437093872976,373.5585740877172,142.11954544072432
24.62835037,18.18325169,18.011115897496307,9.720050882247104,357.82446247788414,176.05158674655735
21.02213209,24.93896255,20.7434885365372,9.696834018376462,393.6097922469893,175.9838657764697
17.30844532,20.01730914,28.133786676387416,9.227475552676326,449.4055276890279,173.96416813631942
23.82576704,24.75485098,12.722751429431252,10.8598614900021,425.529683412225,126.71016693926956
19.30607278,23.96362799,12.531124637144435,8.334571782263083,404.3312315270977,147.12779155679016
16.03768615,22.33195853,14.977243556855884,7.323366715199722,368.38581329988375,78.0997368708477
19.18572809,20.83398341,26.038360544951527,8.069194135841734,398.2563054665093,167.21439823918263
19.92889503,21.79992115,29.00728658906845,5.42506449360833,378.2673886036657,74.1463654486272
19.56376468,24.67385131,11.31636673750176,9.18836543832641,385.6304607509318,88.78776333617608
18.31357543,24.32991649,23.291332348908178,5.975012823243761,420.9625921066684,87.18404174212755
20.10993761,23.22323766,17.946714843631362,11.57518065998592,351.4397463546144,121.69200601433182
23.60506572,21.90539577,19.490939662428342,9.767113769969187,350.5283921341889,80.73659140489772
19.73136909,24.89487354,11.653781873535564,5.739923237503676,381.7360655651895,126.76347682996813
20.93409877,21.1893007,24.23069465499101,8.44226665788819,367.6953863853536,95.96285687867028
18.78226261,20.24768314,13.799752224936125,8.61189739966737,413.45329994220447,148.88355226995742
36.51268371,57.92887167,12.300796996218914,5.072280482284679,413.1667094807197,120.16398859301589
36.89163721,62.73178224,21.690469967780327,6.163348097011641,412.90178212033385,64.91873963859064
29.23540524,59.38967583,27.20553611295348,8.038033585965547,414.2383018008866,185.91206953466624
27.33534897,43.35795962,11.836692557738576,8.876881648355596,361.7105540134821,52.31099106975566
21.0643684,55.46985938,11.474456310853924,7.730261399553752,449.3885939127531,52.41205256248171
30.33276599,42.35249879,19.68149449674748,11.34773021909681,448.44665949010806,187.30077377825896
31.80130272,45.03186173,29.61732802823861,5.995560155416908,413.9293889846838,97.90348653238536
33.18184225,38.23184742,28.149057634325928,5.62112730643268,443.9609740825335,114.96499227927268
29.38538562,63.47742011,20.519347500263585,6.077312315215153,372.2651173075719,94.53547347950274
30.27374995,67.38680755,13.2269111054086,8.188188959517042,425.2274442646335,153.1361601927435
35.45790488,68.75810535,17.039146933469503,5.530338685780148,370.2057266169742,133.1536054131301
33.80020039,40.03262418,17.316644609244523,9.201795373500994,383.70481440793264,155.05788916752206
28.69180475,49.47225353,18.977267616760244,11.370115045005678,378.28710444374553,116.73738171867416
31.24021696,56.67369054,24.374317867416305,8.735461617204365,411.6613736257922,134.62327371890927
28.98039357,57.23265151,10.111576199163585,11.753818102239538,411.71548563925785,94.68018892581722
27.32198928,34.13737127,23.844591844386525,11.438588318263864,408.9138087464971,172.92472883249303
21.47607807,38.80023714,22.34487535165203,5.168262963127516,357.0436191605813,53.67693480360279
18.31910448,34.69776639,10.839354431342027,11.422137829218888,397.6246814044396,82.24074584436177
36.97794384,37.73992903,19.804437899305963,7.156592165400795,370.3365544913563,175.59666308434575
24.80467592,40.1242747,11.925177213490825,9.527850976326082,427.8957422164799,60.90600452216072
19.3479443,55.96805489,28.00339268681403,10.004633732433332,350.94953865817297,109.74874634292208
28.88302142,50.12323801,20.609035288675575,5.319241146575369,404.4938577777348,81.37968953619989
19.54314136,47.19188279,14.99847935562,9.27555930354837,377.7119276640892,183.49783908910868
24.7741949,50.54621094,29.463761862908957,11.506963685652265,371.9672260576834,60.91366339051772
18.33124824,38.40975482,19.44391426198989,7.529945537998149,358.4602276146244,50.75259534219755
19.14729038,45.3733757,29.57541025793995,8.783325774824105,439.3641422672258,119.46996553954534
28.23416057,49.4421345,25.240901136770265,10.867076022950576,400.12472136951146,198.3465759008838
30.11812084,34.13307843,26.39936213598953,9.33971844064042,421.853941992299,65.69228814761644
33.4126864,35.42910045,28.960571249626923,5.279736296523776,429.474806617816,194.8081603016334
24.18553163,46.68746847,12.42564520814211,8.331382035209916,354.4122650440536,174.1325321968036
26.88630675,41.69617915,23.85391520298036,10.91420755325355,383.6558901266551,71.14635494827195
31.33170829,57.97429171,18.17458205825503,5.033648254900967,359.5798391529733,197.01038588191165
33.30711818,67.07780816,27.239878784955625,7.713445487347235,424.56985927529104,190.9958625616827
23.45379018,46.48714759,10.823293035205078,11.59108363300816,435.6870400495745,169.96024929949516
34.53823889,39.04468913,17.175231257937416,5.17609379355275,381.14090935232247,140.8788773030001
19.50112224,34.51086611,12.198484002327143,9.375924752895653,431.4329239524566,77.22720703090002
28.76794904,37.57792132,21.93074253051045,9.338218913966742,417.8201512929018,143.38875839244855
30.97758716,32.24914235,25.40139350951928,9.84026577450224,421.3787840402241,62.69417794902066
18.39759147,36.82639309,17.550465980619173,6.314859914012473,445.6284929002302,63.76699357254688
35.09357419,30.98685456,22.27373568600596,5.166187890567446,430.1271861166221,133.03865745152572
34.93174223,30.40046769,13.104249501878993,5.219498400600568,412.6576256157811,114.03875781083808
29.50523036,35.72032498,28.543974679479614,5.749932659220722,419.2572572546425,122.5474627948831
34.51934775,47.52980027,24.12416135291685,8.713087617708426,380.78784264011296,178.01525136395938
28.43430726,52.10010827,10.322210948495435,7.059986014422503,400.1695872722944,151.3597257104543
18.41645629,34.80541039,17.63277578044524,11.686471231031726,429.1787060464478,130.2794538965753
31.07508973,47.19847683,21.78762944612024,7.203048917853369,438.7993854986912,89.82692143137432
20.89342749,46.24856523,16.034651062413694,7.597466618249813,444.4346372200027,56.246533803522006
30.90607799,52.79913039,18.13409503937096,8.048709457538177,389.1588407432497,108.7559752621434
27.9348279,66.45457122,20.869700420788323,11.27873115329217,413.7417849851939,72.79471468140349
35.95176642,36.52780776,17.446672583396285,6.58572281301667,430.8558823579834,191.0977066975583
19.54317155,56.92831399,20.8171208872756,7.202590149079941,431.8073292562947,126.89525398683388
19.63736208,32.31528909,22.31779011810577,9.738809435603242,416.8711573392968,142.36918200156327
31.2192752,56.46868874,28.584563960000423,10.665537972205671,449.9733068383365,158.88715414329522
33.50876355,45.70976142,26.79830410905741,8.064716971424067,389.7996774800895,
24.80710166,45.01110015,14.0764188625773,9.586080669881008,434.6159287482174,81.20702457685772
36.20970524,31.94550613,23.44738660801529,6.942108449147423,440.6651640687926,77.03901767446263
30.50420876,35.48885969,24.55603787299254,7.928709300776811,430.5511399457309,79.52207931110493
26.01630259,49.94704718,23.026259523357037,11.97776724743307,358.1394668153906,185.09557951286305
31.48469278,35.6395615,13.503443492069124,8.956100256436343,399.2849832833393,156.7035367746551
33.15122581,32.45974539,11.14442455105382,7.732339428681231,371.64069736070303,177.58432507769277
23.50222822,51.29019509,10.861290327140908,7.987065028235585,412.5181946462031,193.08952705065823
34.87248659,38.83786012,19.13500094602272,7.570002919107106,419.39940794905766,73.0235131968403
28.09269012,44.93322042,21.01508297367535,6.768425907113386,449.69232699515175,103.31310870234512
24.54757829,57.3414485,16.436343351656625,6.522948074585463,411.3675615941386,190.3058554769988
33.64769646,48.41490082,20.27335682184806,10.90993435886678,354.6416284368445,140.79218594993338
20.5591255,60.54880693,18.77264635408146,6.184451405558974,436.4578901391969,87.47150540588083
19.95991719,59.33157782,29.57944517574392,11.51368180516924,360.36853014280257,189.57989571154047
28.87667593,62.4901206,15.639245965487603,9.900521595873464,369.9352933596119,141.99022831768212
36.04353699,43.61444121,16.830723829140045,8.064456103666004,402.8282569976896,90.76441502130152
23.6734328,47.2879691,24.70216545099768,5.038039970731716,355.5609497016683,143.4011115741675
25.74679443,40.7192594,22.86168392964897,8.234082262241294,382.7144182317677,139.15722806348896
31.08564994,66.68832981,28.352043418526467,6.335672726847935,432.4522558730647,198.9523482048007
18.72987676,61.33186249,17.990852893646625,11.778976062056287,446.24268330153006,56.359224984718416
29.50304807,63.46513414,16.244048200372607,5.22703179719752,406.2782932567569,110.35238385794996
20.43517772,39.37252634,24.11837034334575,7.102052572222014,430.9584213685999,139.96582279338912
36.00415838,56.01334416,22.7039820593924,10.274899268364786,433.6716738575575,82.76020645587563
31.46846241,35.39454002,15.507253104127388,7.2470653756572,390.4098123071718,186.50269846897783
36.30049702,56.03021253,17.245111131009196,8.165665517651437,419.5958786727825,169.9866401927882
29.49096726,67.10604388,14.239629393797188,5.930180890564917,365.33510349048817,152.6189142347218
30.5753044,34.75591197,22.880546308604025,10.942878186363426,377.9078667834244,164.89638779262273
24.69487673,59.96669215,13.65159806700084,5.6186189868997465,417.7584060263794,100.93672057870154
23.17409556,36.67847052,27.40851176067615,8.759670980455972,375.4562826339831,182.5901243624268
19.04380471,33.10695144,10.044198588370408,6.377857918574554,446.6280797311101,135.44257158631348
29.32379604,45.93248374,22.228344391082477,11.059069571589204,434.4837652511268,129.86446070526964
34.6455408,54.32342534,14.745659861885434,7.799059646503258,383.4980328160074,70.48868534896987
21.9989826,56.31006755,14.667143323270045,7.980615549339858,399.1437576006446,90.34594853642264
22.99774444,60.24218572,29.525719559895617,7.761819565680114,394.2821505911681,77.95457635828373
30.55992394,35.29006485,11.99450787833964,9.72952489364852,378.2325483923352,104.24454508478487
31.46417866,48.17631461,16.833088612854667,,386.8054235053354,79.9700454526329
25.95058595,40.58227261,24.337247163015935,10.219375584757374,433.5296174197556,138.38235925906838
21.01142393,69.69141302,16.046434214997014,7.916642599503468,419.7175571666999,74.41770991767802
19.25100056,47.70351758,25.892655539610168,9.452703344933475,447.0072833307881,148.0183145382528
19.24462755,50.54495302,14.831856249968643,7.841199551983227,422.6342923059257,114.74736875201228
22.47253208,62.56532471,29.64027199573485,11.529502570846835,422.38957962672725,74.88790175286982
36.75087487,58.25799145,13.452076748075058,10.431872591375136,362.067983606727,109.0676714935862
29.89286629,66.35375127,19.729388147239103,7.796798422648668,372.6995336955436,167.53660060263786
29.37735586,44.82294584,11.165825145074,6.4850700400982495,413.4459209944144,140.4591296447267
29.65052947,42.89833235,28.194653190695508,10.291790920882905,427.7824063629527,87.06233455607287
19.54284889,66.34777265,27.86323769357574,7.377153245928853,379.6630131111904,94.12727903547056
20.04611791,48.93905624,27.798513633552275,8.392958698758978,379.1836424720473,93.9828192879358
27.91095209,64.70930606,17.573282397210757,5.100458492857327,430.4864341815429,195.6073354149032
27.32220619,51.27868781,26.01405623923391,8.263482514111107,404.8701895262456,150.2109306161392
28.66024187,59.3189118,17.12723207972995,9.417667784971666,390.1517519482007,113.9790573587542
29.02955344,61.09387478,12.60652257355764,11.897958796269345,391.6395984632415,64.9602113199584
27.78031515,54.65030015,11.615198698087507,10.079705165529358,420.83048848028176,85.5268868908761
31.99928579,54.1077461,24.83904661075843,8.708023125843345,367.3763248550832,94.41574136216605
27.33580911,55.27755933,11.544266452178189,9.932868173350284,351.38413662193847,134.85684466631554
28.92952635,53.57014709,26.908255648224603,8.359809256671983,430.0530549212115,121.75759784343404
27.65472156,58.59986279,21.07517038249238,7.07358176142308,351.0468473698916,192.64825248339085
28.52396666,55.77264351,18.250433434583204,8.108059038188838,360.0404156804542,66.36210819149159
31.02215872,45.89239456,17.048585962513297,10.45746623924096,389.8110347339485,148.17511127804087
25.74095321,45.38497051,24.86856130849398,7.748566972417489,403.1371435476497,103.2289550857089
31.70447482,56.85420099,27.806659233164098,6.806429734997205,417.4658934608411,64.04657307232945
24.47876451,58.51663927,23.257199051088868,11.925440595643389,436.7602167316314,73.34907317305174
31.46511256,51.79939437,18.118653454203823,10.105891297208965,419.7411383060934,75.54763806100813
25.60973447,50.7330069,29.169742921783516,6.9757150372072125,392.053457650311,53.50160477378381
30.30260453,47.18283631,25.352515979929677,6.214647539275902,392.9769192949655,87.89114469318281
28.17489437,43.6672299,28.095512411051537,6.0274706818872446,431.9242703409816,150.05138747500175
25.50634557,44.8302551,10.926084651987418,7.77694540534142,420.0316152391806,103.5874017357248
31.12896766,43.58788762,24.125689888251497,7.324768177641001,359.04148202237513,62.77071764540508
26.34043268,55.59160391,11.573780353481702,10.293850266691656,437.3320463764,171.97510511970555
28.23494706,61.5620517,11.265376754776792,10.511776176755053,420.296959627764,135.8560201864664
27.04453473,49.32609633,26.02707291464112,11.75673661873803,381.3321363661413,80.1082714377829
25.16125354,55.25435777,13.525332836338746,7.442243451515088,355.2423371190844,159.27389151368942
27.3179125,51.66921088,19.018076572832356,7.933340132247877,422.6072932484013,70.07485656858276
25.4123765,49.66474269,19.393259064605587,8.765863699907554,384.04013458836425,55.34380260488707
31.21629982,46.01868196,13.46856493102478,8.402865778594041,362.81672630061126,65.69833986214387
30.573999,58.22686794,25.303038280668773,6.462734607821044,388.2706317743183,193.5000945619261
25.42517036,53.2208266,10.384722746040309,5.152436642254749,364.06424413236863,104.4500431856076
27.09400578,43.65305437,29.5591348015403,8.345169287671482,351.17310417679784,192.13503225182205
24.30935081,56.32938343,27.88877649247166,9.097579365623632,,169.3729531513219
30.06142622,45.90067655,11.44540723379362,10.380958989041844,414.6402456940078,133.98597976313476
28.09568993,60.9835384,24.5049106355084,7.11329500181969,417.9519316925968,92.5292979001844
26.33908791,40.00933429,20.44935177539218,7.707057416892088,428.3681702350199,97.96817829051771
28.61409059,57.14218792,18.46843246408917,11.887092101877393,433.4767292280572,144.12419207177956
28.70012137,44.359648,19.20084965700184,10.18595844508863,431.9444276746626,76.50941211221219
24.21610338,59.79236306,24.409597837236525,7.8509425494344125,368.04832867634144,63.019140869967686
28.50677929,45.20094476,27.57426251263818,10.755912510707798,404.4048518098975,186.93661598195615
25.97948991,64.95585424,12.48625697800941,6.888997965955616,377.1448462822919,70.98280936652947
30.88482722,41.36561835,24.93190490364716,11.023257661847213,401.77160438701816,136.72146349939436
25.5042419,,23.430910355174166,5.4761975243938,382.680430336379,72.11757015862318
25.12528913,51.33189406,14.113912935636186,11.688404534076582,432.3707533391421,134.54231677349554
27.10508014,63.56791363,21.213342045202147,7.565801683677528,446.36414313890407,109.27265748940968
31.1006247,44.82069159,14.26583797542585,7.118495163740955,430.1141064496881,156.266629819775
26.45707778,56.40226277,25.22784621035301,9.181847866561109,362.4001194434914,69.916176229547
30.04132304,63.56222995,19.356322071679983,10.538869813624853,433.0816326563264,81.88184770662065
27.77799528,54.82130787,12.141741565541352,6.08755579213822,421.63354182281824,109.12063987880084
30.99256944,43.02151392,20.60356975186675,5.198721371433642,421.466521744887,179.5541255861399
26.4908332,47.36534833,10.17966022997495,7.41990657347036,374.77182950436526,70.72553267929365
31.96987867,57.17377029,13.79313101036887,9.58564940116704,359.8508739022864,169.0991222838419
25.36140526,46.82652785,16.426411491519072,8.094934602230964,410.7766900630419,120.10039387658452
25.54249137,56.96640758,26.033191890241227,8.233225800182886,368.44765859667945,183.8644627091056
28.99319096,62.85948245,19.10396294030041,5.519090137193511,401.0418307971119,108.0819451111833
29.34317422,60.50320928,23.7481119491935,6.942578069837338,373.1951168256593,196.73922781149773
28.63618921,61.39451307,25.256174771256287,11.350258278013676,417.202182771941,161.97563041305943
24.83206631,44.17085032,15.573493072138046,7.46173487080748,361.0616733642571,183.4788858193433
25.44689075,58.55363573,12.472760939716386,5.0865336027157,354.359080894786,166.8135913833921
31.01274943,62.40392519,15.32162745552968,6.743617593126242,395.6883337940524,170.48577827146218
27.06179658,52.3003173,19.13251841260769,5.6354975044578,413.414546842176,140.37095176599914
27.0956288,42.26206161,23.56947337146422,9.033133507510382,441.9474144587645,170.27179532513938
28.56800579,57.30636014,22.12598950239208,7.827600064598506,444.2638825265699,113.80370464769744
28.79929247,49.84213387,27.58410011038416,6.76856305182862,439.216756178042,173.20601767433058
27.94293692,45.41393636,13.351745529739055,7.160445134450459,424.595452083842,197.86721849164235
30.47757686,61.58245338,11.737787437312106,11.121880747799414,418.64734462121606,159.72780159724152
30.58139475,50.77148138,16.499630482975018,6.784577985131199,373.8366819183951,66.68024230037793
26.85911286,41.81420849,29.17208879732577,6.7232256902208425,446.6784615574952,131.77956199612916
26.31051759,61.18749126,23.30698594151348,11.190040088456186,374.084498936934,167.58019555749286
28.77833449,44.2252605,23.609538094119905,8.163641409624773,382.642480433989,87.5650796516407
28.90245417,43.35365671,16.33277227942275,7.181924260227771,439.5483467465205,120.62498938190116
29.37687468,57.69622912,26.6498226819409,8.716148169141324,382.0353649013901,180.83173704297076
24.17093241,58.25204566,29.47173475249072,8.928022244467222,362.0508627409824,117.80240379451624
26.65333029,59.79023382,21.905366371713423,11.34175364351724,409.7672770565939,151.11576396874543
28.19912143,53.50567601,19.47215996496614,6.292275716190937,359.45750187260586,148.88882305980923
28.76488954,52.62741529,10.12783374743764,6.090710998443355,421.9934207024994,184.20178071374147
29.3499706,61.25353851,23.75561074964405,8.956207885682948,442.07756872320806,117.35881103358966
28.00937423,52.60950014,19.80094187136245,7.542125427616829,352.02010659378413,109.6933759824006
26.85851927,48.8246387,17.931702557056486,7.949974595168191,440.9807227665831,101.59075383220367
31.2123945,40.92604945,17.69495169682302,10.086239746582743,405.94158883996624,100.9275705422738
24.20422636,61.43378674,17.042527658699484,6.717720909784783,367.82676836859576,184.20765856674905
29.98835437,49.60384796,29.206922038473262,5.31334104987321,374.9419587184337,135.78244246209266
29.93964907,54.61813464,26.74203318602375,11.563319189513368,436.0627098453489,111.58437942852538
31.2119298,41.55934359,16.997986847340627,11.209331467418256,380.88402553408497,143.71975808146686
26.80474415,48.23991436,15.86987574961903,10.7171751189352,376.2277612213674,149.18123915120128
31.49398069,62.84916863,19.320533704879917,6.777285228228739,374.30339710781766,106.23942590188344
30.99694676,46.42693735,13.716790171536932,10.035565017218836,362.9002321598973,199.88157956474925
29.61253065,63.04749127,19.412205965510825,6.985668316688893,368.1737350305575,167.92490009510308
29.97604322,57.03184356,17.703594353008477,6.443115865208169,423.1969075462426,69.92985117485986
30.88883074,52.62696801,13.85272937259489,6.961355247745702,396.4955374918728,123.44539325149393
30.39321309,60.16299493,26.940246492019146,7.955322528467683,408.4719043023054,197.40290968781517
30.43683729,55.20522037,19.393894373236,10.022925324337129,398.1252042508194,124.14983543912705
25.32688786,63.18180319,22.96719134004259,9.625613039190146,438.3475448255558,129.53025310412784
30.53684308,59.96664731,15.968682046160998,9.119783473363457,374.6230527773512,50.77746022122046
,40.5926071,17.320335490978174,6.946792724968129,406.8029869464216,82.82202308488746
24.01825377,53.76623369,29.81979590855853,10.387338933188126,434.8329500354644,88.772189629152
28.69841277,,19.303856543481743,11.363374010473088,366.5838567268781,79.4819471700776
,,21.830246552536494,5.653256833364102,410.0186661954925,75.93574860573187
27.96583691,61.34900107,21.69539746606964,9.137806338165984,373.25938438534473,63.24601529947475
24.86803974,48.27531965,20.206656248325164,5.121638277919372,428.3757230373896,116.41148859303776
25.87682261,45.96341933,26.22282843549394,10.992233592727008,405.5673852414353,128.1851338244163
31.01963639,49.9767522,16.28911808895467,10.107060232501809,432.64891541117294,178.82944878902032
27.43329405,87.80507732,18.500345321383342,10.063063870844449,386.28011862144,194.12622174805483
28.3340432,80.77275974,25.994381319405548,6.134352317376838,447.4761784027138,55.191308811407545
27.01470397,84.34262707,20.33728970498565,6.256440245190361,377.6764343117186,90.32702492013723
28.17432665,81.04554836,16.400390779250376,7.976017540364233,441.19486725614286,104.174370102864
29.87888063,87.32761241,14.824138686204268,8.482151947927859,385.6941516327896,197.5500081937698
29.89232778,89.71503316,14.933378149473928,10.853306693383168,368.1231600081201,60.20959851793643
28.56212158,83.24855855,23.4678268698822,10.874354105994058,401.9774933621847,166.60087881602348
27.53592929,85.5701901,22.266488664004527,5.250812780274657,358.55102376603145,103.1965213955612
29.68361658,87.93598094,15.221686107949465,10.04335523058245,403.1459617278921,191.4140284485437
28.14448546,82.1193047,27.039414754591323,8.596122918340084,352.8317846282003,105.89513780179216
29.53037621,86.73346018,25.769266961700097,5.099860624713038,369.5197552046644,112.8584464207368
27.88352946,86.45147631,29.020144582765425,10.949254216586194,417.2333981027039,184.85533095768463
,82.35916228,10.327596406110278,7.252080915746541,393.7271182430995,186.01945319442797
29.008124,84.96089355,16.482409020425827,7.862714597591053,441.40606670730034,185.6652874634005
29.75538903,86.45193297,25.53461711457743,8.101776362903312,368.037007278404,167.30579177622758
29.78416743,85.16906976,27.268251662364392,11.663386611961512,382.99152548704126,72.91822191097563
27.8640132,80.4513142,19.957376005563702,9.633042533123344,425.0386265093776,164.09135101732903
27.11026483,84.96771717,22.276990477441192,10.13112763951517,407.1910650329088,184.31341879493667
27.11030369,83.64274107,21.75351818873004,7.555508947956852,413.5326487511478,64.58607772384984
28.95451232,89.07866095,26.871985878654197,6.158158582843827,397.9251953960482,158.01638692250532
29.21780035,87.93724219,29.172405963292835,6.526118384957407,408.5862296026756,100.16792920777236
28.7420098,85.81675947,25.25480283780734,9.250816834225386,438.29359167295695,75.4008561756873
29.65021184,80.29868321,13.8955730379791,7.3562304741102436,445.8465797034429,50.97205047104805
27.23924995,86.404241,24.38779630113764,5.365232708100329,410.4670240035616,160.4323649637663
28.95172351,81.67085323,23.06373632739978,7.312838473724796,396.765204180705,178.8524442643163
28.18837136,82.60629652,10.77252582021304,11.56761169012288,372.0802844708968,54.50653012316506
28.30041493,86.20681554,12.35207772263321,7.838039082366695,376.2413818182128,154.2956162824938
27.89636126,88.71782287,24.226219456379617,9.028249261393054,406.3792329022429,90.36997909549744
28.6899851,87.50436797,13.945082022622453,8.239420615667893,395.4618699462327,103.59936007380684
27.8262623,88.73100226,23.679371355101424,9.505779897911111,442.60632769514064,126.18548013083372
28.70562673,81.59200689,10.806164626739998,11.945840787338916,431.8522263570635,98.43863613543245
28.6362812,84.61431076,23.88330695629805,6.171385077639604,441.69055164982615,133.12688793792137
28.28511547,88.4393979,25.720469344916552,7.582908792029447,428.1406827787274,162.69555002293913
27.60887393,86.13316408,16.45921434868169,6.2076552045069615,407.31598174320334,183.3286736782044
28.60901145,86.99495766,23.568710994370687,10.3484262869818,379.590806819468,182.7848544321559
29.24598976,84.80084105,19.57807918709891,10.914421376849694,357.8642892123429,153.95309928980754
28.62911222,89.1148059,27.901971035126262,7.317082090491175,432.61987456955086,68.27353251553252
29.57329479,88.07505524,24.79759330670052,5.523702989529167,448.6540013717253,112.96638527262525
27.82684262,87.16679147,21.60431480630391,11.401596661617024,403.0980153059028,101.81546469652604
29.8757015,83.14796296,22.5801603262697,5.025547869988459,416.7675209413258,157.988831977907
27.33684386,88.50229102,16.993429954823718,9.895989418026428,366.05096457463696,178.86914690043935
29.83040388,89.30428305,18.34078535944638,5.134806685277974,399.47427214786944,56.42574427700407
28.2753171,82.76020821,15.504278100088827,10.436229739205055,444.5969776083614,194.70705710667465
29.86860065,85.99127934,28.46600544807017,10.872042143082613,423.6103633595251,76.97382344171658
29.5888162,89.9939693,26.972461723523185,6.063556432511746,428.93059514246585,50.42472403517268
28.07219563,82.9116472,23.263032045833988,10.114437607355836,394.58503889237136,84.44065673348354
27.84026517,89.99615558,27.779577050348035,8.026831395105756,436.299443944315,53.97530155063081
27.10818093,87.4512669,10.898518512426204,11.298400392382495,391.11092849988313,100.68136184336748
27.68515114,81.94268594,23.293865898642444,7.987059038012418,414.7284233440208,78.241680550386
29.34594634,85.60472562,20.34366154221962,10.225356610738617,437.4206367078022,59.76557434005949
28.36319404,84.8593608,22.685406022692995,10.81159905558441,398.2784843873901,113.07828278245152
27.65280218,89.80650642,21.884680624706466,8.416456178994569,433.750841732157,94.59863293422804
27.31372793,85.44815232,23.200537277837302,10.467041548754,363.92079258180985,156.46814223935624
27.06909959,86.89934108,19.1248653473817,6.358961617572832,406.8840093840905,65.76244156394868
28.06642822,85.91625451,20.51109414201811,10.142010747452062,392.71257604477006,149.31122732827652
27.73329078,81.13903037,22.22238670819713,10.679585790922411,350.92491197662963,160.31776082560293
27.53632932,89.92908171,22.575228491367987,7.443793519035861,400.7704377996208,154.56542616742786
29.66461594,84.28187572,24.9368934113116,7.50171975498957,443.7708184395928,148.21394882632706
29.9145443,85.85384444,19.16214327775684,10.73964675235138,416.9776633168782,120.18236790224748
28.36363858,87.59810657,10.419889465405207,6.884132627238562,383.6512922648041,152.79123219406466
29.46416042,87.60890009,13.532386053203108,11.990356848583282,389.5352772115722,195.5193840649691
29.73013036,82.89166381,14.701166856771303,8.214284695587256,435.7332980231601,131.92867480533897
27.46852989,87.17649,26.9059327282734,11.2261917322574,354.0976472218162,75.37124859615275
27.77076285,87.09979549,25.49440692183775,9.742414481339951,406.5249893272392,78.32041495933046
29.12939524,88.48312598,24.7320869147292,5.899465873826669,440.8416528968775,124.35302289956334
27.10606808,89.89593328,22.484433924046137,7.578688814992074,390.3559587884441,89.8798796510059
28.88078945,86.94206817,11.402539356998794,11.355889337197498,420.58124228902943,162.2115142975116
28.14720892,83.8001509,22.08148010791099,7.607656468366766,417.97009189654216,156.27800171407574
29.89129144,80.14487166,26.23302146648161,5.788779725272575,400.8839211700604,179.90972750152187
27.41503453,80.98004661,18.87115170465069,5.576141179640385,390.4579538812476,72.1137879378363
29.27308605,89.4875022,28.66508856327472,8.17095365937584,383.58961854031287,179.09836786234132
29.65296893,88.48587386,17.12070475802118,7.827264304211853,356.5887368100393,136.37629868408635
28.44524991,82.67639542,24.94473910818272,9.65907455744158,380.6628519737677,181.37260550499823
27.96235681,83.97586797,24.404918822352524,7.121041597292145,384.344735927687,109.80672690326148
29.25649321,81.97952224,23.550068739343324,8.95437910855697,446.0539623082047,72.08074640097868
28.36291385,88.00989267,27.361352207263565,9.510164739539354,360.6948344284867,136.8778857054766
27.62749466,86.49366929,23.95993124570132,7.069340577545434,393.11236674053134,108.40347174624212
28.66086349,86.12194568,29.66750757185857,5.668087676421662,358.116839944377,
29.2114218,87.11497805,15.13176545749669,6.628777207590542,426.6984771305092,184.44222143919737
29.40889385,86.16063492,29.60982808655724,9.142173471891418,432.0031917172272,83.59398800199217
28.02952623,84.8845732,10.50661295510137,11.577044996407077,434.0139525335403,107.43748095346952
28.08657178,80.35005927,29.354737294445616,11.087007992721738,415.82741129992985,133.9913064665919
29.16174608,80.28038146,27.60914462931225,11.177068350624443,384.7250940653213,108.88304447587058
29.8596912,80.03499648,29.146111076779214,11.150097755717368,376.885585353395,95.19039742906912
29.06631494,83.6869203,14.239136974517791,8.79932911515087,418.6148778863097,155.6591529376839
27.38538997,88.66663953,23.440529568659336,10.838772958420416,419.5160355745976,120.8385755614118
27.93034941,85.42058715,11.661358078018417,8.46482226627843,355.91937784908026,63.50617900278353
29.2808618,81.8009244,22.98077834388595,5.494881706440911,428.29799611559343,183.9586213001541
28.9973145,83.78911515,29.033398635116285,10.29776739900633,367.2667739677519,150.9985254746033
27.92678579,86.5543196,15.314463414163033,9.144012168297472,433.6612806133312,146.98071359501515
28.5474135,88.9570454,20.287319496496032,5.207686992138332,370.5147340862762,188.60076191114652
29.36488409,89.1886954,17.7157768054615,10.568648970003215,355.7771604475385,126.42838700104328
28.56149805,83.63802195,25.66663034078251,11.261724208850609,413.6910122503096,193.6555155808313
28.43683487,87.91332682,14.257501799405537,10.872232836095066,366.8034163839278,195.9146550892993
28.79728147,80.45744422,11.924927051281731,7.458857033604382,389.25602897098446,187.46655981055525
28.7275267,89.12760359,17.84930633635421,5.7746495699956455,368.9867389589185,160.44535006661815
27.95639663,83.52706038,28.69797587119391,5.203966330062462,409.00298624952575,88.43146522804989
28.17458662,83.69659318,12.364684035734651,5.0805159091736085,395.2920185066278,101.72538685372793
28.77653519,86.69133979,26.96349884726317,6.358876678063082,397.7465295272182,160.16413606534178
28.438097,83.48991368,18.612922244354976,10.030710261274812,406.8325454466031,113.34548329158793
29.48439992,63.19915325,18.922578028891927,9.191656129359494,385.63827938346793,104.53137484517814
26.73433965,68.13999721,26.467277437375525,7.756742701577019,367.0861571014446,65.71082491127477
26.27274407,62.28814857,17.847875103559108,5.606756913903757,423.6303973199391,73.98434354427917
34.03679184,67.21113844,20.5781345707444,10.983093574913802,385.3885687092665,85.18682216924896
28.03644051,65.06601664,26.779319044777264,8.359980431894265,434.33865685516537,163.2946577927375
28.81460716,65.33538112,23.292722904671827,7.902764878274361,433.5408732228823,120.56714336454505
34.03619494,64.28791388,16.532717945506896,10.586124760950325,373.3767105932916,105.42243131698444
33.8642935,61.57072498,15.649079354772612,8.951445002897177,423.2790686481394,156.5596174595184
32.84213012,68.68401492,11.107117322247351,5.839071196449529,368.5777097526811,185.9673843488424
27.10053268,63.36085585,15.369051103041096,9.591871830187705,399.3824738253012,144.0582826092894
25.65842532,61.18235808,27.24438637881604,5.094887532590085,381.5943652029813,102.29354150771128
32.34744009,66.61452812,24.558808594651648,10.482074099653111,444.3151904768616,60.67619902218952
29.58949031,68.32176769,27.22840461276248,10.106772690724112,412.1433191624531,50.63697165072813
30.91219459,68.79427388,29.868738998853317,8.323945459513116,404.896195551456,182.2706500419665
28.12787838,64.2097765,14.431461476970997,11.879486791349615,373.8808763203545,106.28959531394024
30.08545364,69.34811988,19.13805170446003,9.151017234400271,390.2999405655276,183.16726339664
31.74379487,62.51007687,18.436854100084386,7.677021777254691,397.8454410520954,198.0416735829436
,62.50460464,25.602886753243176,8.610037248469956,425.0895161388173,89.94207353374462
32.88733849,64.59457409,10.0829206182682,5.230110114746603,446.0517745641224,83.35247686197148
29.36358721,64.98742947,13.646635296163916,7.659623155515862,372.2885485015453,67.37642970029091
27.82592799,67.5861883,16.51250342830847,9.884864880985257,432.5491967532881,116.53077378215482
28.49538735,60.44848407,13.610894518514336,8.142420579924092,426.0770330202066,159.8400644661903
27.74274761,68.53997144,18.31880842937396,6.22900597212474,384.9804843474358,163.2871170261023
30.41588462,67.66323804,17.61211365012349,7.091492010589074,388.3248644682168,74.62377489951865
27.3254209,69.09047809,18.27169062729123,10.698454693740754,362.7167176916475,174.7781740882922
30.28496619,61.69295127,16.04396540629365,8.604601630588135,430.29829044669066,150.66977606930715
28.56840626,61.53278622,25.999899765748083,7.348115112245079,396.8493593775919,127.91789266095192
25.36586097,66.6379724,26.835018838945256,6.891373786623266,421.795439658548,180.60572692020085
34.9466155,65.26774011,22.106012685551185,8.208097998451727,387.0913481904231,73.37568349208142
25.09737391,67.72837887,28.138703794532923,9.700013822286143,381.8898108578714,194.63639907381616
32.47648301,64.34848735,27.019000199708117,5.58106823009286,370.0283939774648,190.61647353307183
33.86351172,68.59232289,27.00848098599995,10.010991701609614,393.6301309896302,62.41911573572013
25.19857725,60.37332688,21.523216255559326,9.2803712536085,356.6483819254244,94.75979929375828
31.77681682,69.01852894,29.874288781108586,6.719868002891305,424.0250764453127,146.37218810389942
34.89814946,63.59948557,28.892264485924574,9.138024139989016,390.1494257319296,134.77764423891185
31.74105409,68.63525428,20.256072078972384,8.513747305566397,394.3161151368288,88.03898210198298
27.16159076,66.76017239,24.231881594151652,10.90657507425542,382.24545212753367,95.12893874147936
26.23773129,67.88521396,22.36151771380224,5.511941232022479,408.9912229992451,187.9560414325008
30.20157245,60.06534859,26.451794927584427,11.553600695920732,430.7252040753533,151.8923373571551
31.55846339,67.83563765,10.992659009788897,11.5249214718563,439.2044213693608,72.6382077363155
29.67892453,69.0854554,27.821200046958005,10.81188343557905,388.7133963215799,64.29046029603937
27.05365239,67.7017527,14.855370604313354,11.210130935672607,436.00999734239286,153.79970077928374
34.63880966,61.38597868,24.9099394622734,10.347051184277149,376.8338152346977,154.0690890069302
33.39438752,62.93692886,28.736961880967943,5.341972385235391,408.0909955635647,89.11704199613982
28.84079155,63.37230676,29.88728024002992,5.297057520782795,428.3073343843985,129.9587894841057
31.49338309,63.0563645,27.53323428378236,8.051484276634657,356.6769822529189,111.88469883792584
25.54960633,63.95425534,17.8144256944369,11.260861092009913,374.7967661847132,86.03300245354444
34.37329112,69.69366426,25.06094807513915,10.62770979144067,409.055467938469,156.08010202144814
34.6008247,63.11296779,29.620836117410114,8.574941324379031,368.0946270063741,194.6125768494068
29.43463808,64.94329356,14.841228761081371,7.844482610827926,406.5005821860256,172.06074618132618
29.10713092,67.90577375,18.16695378725479,6.511672498757356,427.5098872002775,117.74159336186368
28.57006111,65.71765781,12.108626796795903,7.399729392584067,395.3934025182148,146.0076261603397
27.54384835,69.3478631,12.920400303176496,10.147753883442158,421.6472698730119,55.509855090416806
33.04687968,68.93875631,12.644838590168144,10.770374927879171,363.7065451285466,145.85744220412107
33.95309131,69.96100028,10.796257502339472,11.594514260569769,399.95630657729066,140.2290349013113
30.11873003,60.11680815,10.818319611405244,8.928754651783434,408.9807492558236,127.69643411605914
29.57812712,66.17587668,10.092302479295224,5.3769081564223535,405.9589692194056,99.63635367225574
27.26458947,68.01232937,17.977476906476454,8.69791843703997,369.20628365146297,194.73841426068023
31.35730791,64.24992106,22.9996416547392,7.824448877768872,389.1864655376613,191.11147527632264
31.52104732,66.55723677,27.7827388314278,11.764151140927703,370.9132361628601,124.28650757682946
29.39982732,64.25510719,18.26070172110823,6.781280908845157,444.36665929263415,75.06525515108467
29.38400259,64.14928485,26.2709344099806,5.694865036669737,379.2132127928223,110.30103782164042
28.38686534,61.88871127,22.94600596496226,7.378597506846579,384.3919174963336,50.20999036684216
28.47442276,63.53604453,20.113293079539623,5.063887239785832,371.2992317284297,135.49984369999714
30.64095781,61.14508627,29.209071571315924,7.051620689415581,431.3003551939999,130.10517342022558
25.25596239,61.36669662,23.69962341014208,11.799487714054544,361.8470084135688,144.72862041740888
32.97030511,60.18122078,29.784502645239744,9.530569812064543,434.9618214861572,127.71224823901218
33.66855394,66.60416867,17.29969334991618,6.448743837863282,377.2860584857802,71.14582367300697
32.83963757,67.99803573,25.145010558349448,5.106841959686991,418.9974781666148,114.68805617232346
27.45853567,62.90020977,11.114582318756035,5.837217962483831,395.2662198464169,53.69999432609255
25.68576704,69.84354028,20.951075117301148,9.075074750605662,433.3421811734861,199.25068069960747
30.0328403,64.14800537,22.07938122392231,5.413115962476269,404.4674685265983,119.50298824045484
28.20667264,68.27085245,21.490728974630017,11.16425676002086,410.84202350449766,97.32467280795538
28.27265858,61.18956161,23.69212809400546,11.494125703307342,406.61388084726906,155.85935528792442
28.5417236,,15.509799224738156,6.926161579754062,367.5882204867973,123.06528174361712
26.87187036,61.61367264,16.694120968506276,5.832731402971343,442.4324842912114,67.9321834390274
32.79766751,68.77994074,23.34752238847974,9.744000018907236,427.2086500596179,70.58021496314488
26.42333018,64.51136845,26.689688838112808,11.659486229061596,434.0815652877693,154.85654775776177
29.79181107,63.38789228,18.995601685542827,7.1343653346836655,382.9038238817102,58.89684581873291
27.44003279,67.10464369,25.808793266961025,10.51790295984596,421.3095140869937,73.18220250888163
34.1262979,65.14877461,20.17573526040703,7.247727998529076,419.6920891571865,133.50837263268656
30.94908189,64.23364112,18.00302441264779,8.123899715709292,383.79171057066,151.60388893327962
28.75751783,61.02701476,26.56135993667578,7.415097265202078,403.7667640567184,162.5997835211911
27.24766491,66.10123083,13.283022799234775,11.502263054774286,356.91933436668324,54.14399328550846
28.63005477,66.770943,22.58134340424461,7.599815801414351,422.9710236570852,83.3625975461365
26.41768321,63.64698302,21.53987789309604,7.070355788341972,388.8233796148441,118.89215353500872
32.81705216,66.15665137,11.259541097797426,7.187574479802873,350.45905509785274,186.88821455381276
29.6321052,65.91359954,14.58953920099858,9.115713463016297,388.5958613109717,156.83633674580958
33.49077065,62.73317204,25.62278487311488,8.323090798171133,444.3197266530908,80.5046332109429
31.86847286,66.74217464,10.437046480821191,7.795197220412568,369.4455646119876,72.995371326739
30.32992227,65.62971858,27.96460644982269,5.034601212324363,410.1282057967608,71.4078706574277
28.546224,66.31394098,27.280009662050613,8.145861163325478,361.8935983115696,146.76750770069083
30.02629908,67.88811637,22.4997111867399,9.23367905065711,359.10811662351466,93.71657364838556
31.65531175,60.13263713,13.42515034311952,9.16521886885483,446.92776572592686,99.75117476329008
30.33499674,63.54718862,12.641802593529976,9.08596974341158,426.1124007747379,147.3650968859624
33.36984395,65.67718163,27.92743382889407,8.045813170613412,437.7171319343028,98.8434458998906
31.4345059,62.99303471,21.925867768493475,8.591762668504018,404.6724396796241,152.8117827755376
27.71678273,63.29103387,22.86476639253589,7.823688077135046,400.4204948323379,87.89464619059336
,61.3009051,28.13724493810058,8.226536460412332,433.26961572140266,156.38451463515426
32.7477393,67.77954584,17.498770371575933,10.08220063485057,427.7359311169656,80.3320131567748
28.05153602,63.49802189,19.27678302496176,11.33885373357628,429.2802551955656,182.4505183242789
19.44084326,63.27771461,18.438227419464383,9.937594279335745,424.60994377089946,109.50067254914391
29.84823072,60.63872613,25.04034799814584,11.328454084375425,360.0309193619573,69.97518015217105
21.36383757,69.92375891,23.18270053667158,7.455691856518834,368.76991631661934,91.9020154279376
26.28663931,68.51966729,14.45817986156172,9.626370641021136,411.5870428765159,
22.17499963,62.13873825,16.837691677132028,9.620154653125123,449.6635804608351,146.3702009082898
26.57597546,60.97876599,17.894337990722356,6.487111245714061,412.58377696237983,152.41668215557087
26.58972517,66.14007674,10.236719226201531,8.656703397912683,393.5172542974586,54.023510964660375
19.1345771,62.57526895,26.287518898382206,8.816027960722252,402.1956578346373,187.89553618285592
28.75273118,69.15640149,20.957280266813378,8.378705176732355,430.85572840377216,105.916133140638
25.78746268,60.2816298,20.748192638913565,11.276729438981564,361.3512048600494,112.13425567540412
23.89271875,61.78779413,28.726548183184818,7.00398495931532,410.979891204902,179.03630022435976
28.67408774,63.18832976,12.730847055470504,9.619756849717362,425.0166592382505,176.05472949422534
28.42062847,61.77336343,13.462866142379823,8.125371069066718,,142.07962565693092
21.35499456,62.60136323,13.663389299811406,7.679533826019791,433.75249989747294,196.65335693722
21.12695586,63.18738532,18.49230232182243,10.00278861587699,423.734602857772,164.9275724718721
24.02037872,61.62313345,16.884037140910706,11.900976572377242,366.9985005732283,180.65125468786547
25.40474421,65.8567539,22.00201918394045,7.766478696570674,358.53661260329045,80.53423027896366
29.03017561,64.49166566,28.95694615481085,11.451804426249694,388.0698280728713,139.55052821065215
20.21368219,68.65257685,27.85663558691468,9.436186763520624,401.3579812573595,192.71602737962223
29.19585548,68.01965728,12.825285071494225,6.55384272637031,380.9678429964831,193.00337185971227
18.29783597,69.6897615,15.167263794397696,11.941165303381856,358.25627282760365,121.60021550260196
27.41434987,63.41785982,26.188213083498283,9.862899428897524,396.5281637554764,51.05472640846486
24.84063998,60.09116626,22.399836623372344,9.916116978825904,389.6656329840644,118.82675084403276
29.94413861,67.31323084,22.94051785690319,5.690374644978047,404.3270446066069,102.30853153222664
25.87990287,67.55109024,20.91114093424476,7.744262254749348,359.25528858152137,120.62724331766952
20.0467711,65.84395319,20.359243797782497,6.319216226751879,370.0136231255031,86.89098958851878
22.99451999,66.70897237,24.864879055825213,5.807752675700151,415.4680825754469,94.98826067190492
25.13163619,66.92642362,21.47557123265734,10.040287015448866,400.8779677850652,175.73687771843703
28.49584395,62.44616219,20.545202213880582,11.247289334267847,448.8130409912659,159.4495161394792
18.28766124,69.48515056,16.20968329584451,8.436000761536494,361.27339326022417,118.1412619908518
24.38041875,61.18458224,29.04553646469292,7.115118395999351,448.91234136571495,95.34627692635584
21.31852148,66.43934593,21.199323146876043,10.213355052607668,377.0020688629428,181.99635360652044
18.54141834,62.70637578,11.619596564199044,6.901399450119246,427.2043867618712,92.2156358266072
25.28710601,60.85993533,10.936884055517533,11.836996552694592,376.0742126187407,148.34399646506313
25.43459777,69.12613376,10.668559319782968,6.391909834526754,420.24264650324176,97.79828414472313
28.83600962,69.76112921,10.33275297624524,8.294363761536525,404.2713496280691,93.99043405695396
27.37659643,63.93927841,26.331670808980757,8.3511594270818,388.10945127226273,148.70915148085135
28.31886863,60.19461399,27.595820067402823,10.25567147508117,384.7273064495869,87.4501510324937
27.4818649,62.04814951,17.6698208866501,6.889631896279932,421.1294979696148,125.24542034036092
18.28072173,68.10365387,19.90072248328306,7.761889469687644,378.0569602031333,191.6410110480101
27.61204997,69.29786244,29.119181021801737,9.062038550207928,439.84937544736624,117.30729812273796
23.43974653,63.22011726,10.785040291831235,7.357999257745636,424.57373771280726,88.36887333658018
20.95628486,63.68128841,14.95942230328832,10.682835114312631,373.127986098793,101.07652864776117
23.7937153,68.03209183,27.073735859090377,5.054747724762896,400.8808148747629,159.7020166179442
22.6371424,65.44544859,18.081055205437472,6.304728401782241,393.9346484297704,120.0753439618402
21.53577883,65.47227704,19.227672453883155,7.820464503866872,382.47923203170006,91.74046195047956
29.87854588,65.73085206,24.736942539024028,7.498385966808504,396.9546742232212,55.69251692863946
25.2653291,67.10004577,28.64486522684999,6.137018525462221,367.67017660078216,
25.17885316,68.93307305,14.345952234830875,9.77899953280404,,164.83459344987793
24.12192608,61.09533545,26.962441006957377,10.712694067392874,361.3229095724389,53.2330702961511
23.33565221,67.40460704,22.03811390384275,5.669890526083501,431.522831368868,97.9659991903941
21.74600081,63.39503184,24.89054517424656,5.69655648384773,449.1241454890359,190.56710446391864
27.60195453,63.46170674,15.708845879449388,5.945760731909819,447.8918003891608,110.47108043166624
24.388717,62.50453062,28.348238943330266,7.124887638232765,402.6386194379623,117.30724455676926
24.98287462,66.895409,23.20239972173093,11.861477380099046,406.4933693505076,163.27810036766954
28.234829,69.3159965,27.96234012788828,7.148028603347068,,153.25370991857812
26.03026959,69.55863145,27.880726849596336,6.871373522409962,394.6327972200157,140.3822080773886
28.04849594,64.07691942,14.641443659577863,9.2377316989105,374.07235697004734,166.63596843628682
24.87425505,64.00213929,27.017716233737296,5.513668358304629,396.4343685685683,134.5919794451369
23.97081395,62.35557553,22.618112514277907,9.304473950112495,398.43322172548886,91.361134262089
20.06003985,67.76252583,18.329149855486456,9.880709175279916,417.29174767279846,75.32923724020878
19.59221047,61.28633405,11.908288521970295,11.87892454932975,409.5818997164872,113.72324073670846
29.77013109,66.29327012,27.093874300113924,9.875342098314055,437.1446180832128,123.08791682710324
27.52135365,60.53657684,20.10713785979723,11.79303773006647,371.8839465000348,174.76189519589886
25.62896213,63.14909763,14.617376998249076,5.875797263042631,399.0970044237872,196.58796532887771
20.39078312,60.47528931,20.09578928612813,7.897613057558718,364.60267090105225,168.1958611998441
25.39038396,60.4989659,29.618639154480583,10.262345909301697,365.4839651736186,167.55163719360405
24.91079638,60.71367427,23.36781729024092,10.167946684827523,359.81608835945536,132.09347303471415
27.70496805,63.20915034,14.568782426502285,6.691179995148137,376.3338445998968,144.8199745948752
18.06486101,65.1034354,16.70909070992215,6.329312056580471,409.9927393924568,89.31210914127567
18.13027797,62.45851612,19.3473544047614,7.594171588144832,404.8072014034098,163.6520288102647
23.82723528,67.89815262,12.58014397703456,5.640233975690396,396.2863056159336,59.967085749731545
23.19305333,62.74710773,25.50314942222848,11.572300653496455,384.79135919037645,176.17768692245426
25.08966129,68.17543102,24.35983833596474,11.676934803634056,371.3762776565604,100.63237033264744
25.86928193,61.88321072,20.5287131393018,8.290499811772033,405.1792635422988,60.037905735770174
18.43966037,68.05394959,10.27365136861986,8.474102929447048,372.4430642398528,117.79350826302276
27.14911056,67.02664337,16.86115814260713,9.636014556966886,440.0246880479634,187.0996702339672
23.33375853,64.50515776,11.911879522102389,7.914023130622338,354.5057013408468,73.73495527144723
,62.96841833,18.27494295425739,11.613911921738689,443.2417302282772,176.4944206941241
19.55750776,64.45268309,28.703481602002075,6.989636769606996,384.88349336278617,157.9013663391306
26.13708256,66.7729209,26.640420031657005,9.827287079356791,387.25084103019685,108.44596160421976
27.99990346,65.57653373,24.29132104227174,6.848778050243904,409.0844997064032,198.45304675823485
29.05941162,62.10652364,14.965284817188142,7.196692431707119,426.0575308213743,89.60474845952584
25.71269843,64.1123333,23.12713714191193,7.325446429469261,432.3041374084792,154.934642056815
21.79792649,63.73086065,19.052286849157877,6.067945755608558,447.1535936419785,126.09323181397222
24.70626432,60.26854183,27.421001812255,7.097979566016889,400.381713409828,113.18112791386608
20.94981756,65.8108757,26.567203951506727,10.410089478318362,414.0193452883504,199.98216584521697
24.84918386,68.98088448,16.224592754313896,7.7345059863568,359.6796474264641,
21.91041045,65.21662467,15.741550620497598,10.023150441252197,399.08402621682814,81.81545760654961
25.93381964,68.70533022,27.843123662888544,10.02309930107644,410.0845438938006,145.3109905266887
29.82112112,69.4073209,23.621614234869263,8.094505143791043,393.7340646290788,104.98692431810102
27.52185591,63.13215259,19.08616281257064,11.067205293135189,392.6489769162514,187.44019395595276
27.99627907,68.6428593,28.963953824655277,11.980394329176535,409.5988106177418,121.27967822228166
20.76774783,63.90164154,14.622800795816357,11.783512368771714,364.418696396488,69.5250543637903
23.05276444,60.424786,23.13943859421852,11.118981359251332,423.95901923397565,147.45909433889156
21.65845777,63.58337146,14.924898117590468,6.712965179303653,350.623168984658,135.40246335772966
26.25070298,67.62779652,23.98906903439705,11.839940350240234,429.82565359421,70.29259414435741
20.97195263,63.83179889,20.24539848487205,10.175526795219522,432.01195193665023,151.69375527092274
23.89736406,66.32102048,16.843666120790946,11.634115816262156,426.9932412151866,109.46735374335653
24.55981624,91.63536236,29.82073358067431,5.229433445769335,358.9806938418626,182.6310306728817
19.65690085,89.93701023,26.191276152311584,6.708153128475681,381.05759021427787,198.18831931961984
18.78359608,87.4024767,16.176486379938588,10.550730709631337,415.5251824017887,133.8168623728943
24.1469628,94.5110662,29.69958033164991,10.044658469828777,411.6391028501411,187.5883888255628
22.44581266,89.90147027,22.67600640577453,5.4308831263030815,398.1071022352494,195.59519923855683
24.96273236,92.40501423,12.177924300529003,5.56924058366493,353.5336932534243,92.09802794361752
22.5526059,89.3259486,26.280214762278696,5.59983721105651,414.8612719277506,171.23370171870343
22.77035608,91.45498527,23.707311279600493,6.816272993056142,423.713665115704,103.63097631738655
19.20090378,94.27659596,10.806668033177386,11.307580854722428,430.7276096887616,158.98328408349303
23.12808226,,24.403204180156607,9.799509196981468,350.1055289700729,112.44735959212738
24.92639065,85.19098079,16.854470545846816,11.167383123987264,385.6321643750148,171.12560398866833
24.77464458,85.63608688,25.1540447810393,9.373111386124847,357.9660609025812,142.4198261231162
19.8671184,86.35590206,27.75300330968965,5.472438994375602,390.97699839213504,58.51968813793391
24.26601316,93.7974061,15.01205584314594,6.6216509286468215,395.14610009109407,132.32370121208743
23.62600218,89.73266695,26.838771128325185,9.53382864057151,438.2170099794992,168.47286975292036
19.67832052,89.08935702,15.443780035055942,7.429194036074655,449.2440898806242,169.73686727741472
22.36509395,92.30882391,24.32228426860545,9.285023044041834,388.7121600979041,149.01800314887296
21.57936934,94.88267728,18.96694772570151,11.292019764770568,438.8454143454037,134.98556772081304
18.26233221,88.16779129,28.76925310088035,8.863933726865742,390.3269297590373,94.0555619916651
23.71028128,89.61794165,13.12547369390908,7.0116316854513805,411.49213648002575,112.38070935767104
22.48720144,89.9224883,11.74268614956109,5.265638783236493,364.69659923546897,187.56723975298007
21.6602498,94.79397419,25.62410154531993,10.121272660655007,387.9696001982271,98.4246107750133
20.13037175,89.31505137,16.552014653998782,10.155982672641445,411.9858223870076,148.31944962193256
18.41164435,91.11927248,28.93421486775686,6.322785560610438,435.1874985713752,87.58039411789743
19.68291173,89.75272999,12.737816445976945,8.4689973210167,384.9787071312857,113.05110286089462
23.20242586,91.19442671,10.607368638078407,7.824450744898426,396.78962817190177,74.89969577858119
18.92157197,87.31290342,26.339483590651508,10.929224976254496,355.3201877999404,108.28549828102352
22.10621387,91.34039616,18.54841639924345,6.999671299674223,398.0721683065372,78.50648007611984
18.47412402,89.68919664,28.37652553525773,10.60103736978654,389.4663649409971,118.97258350847514
19.81069447,88.92944254,29.068625112908336,7.125434251653664,382.093102278883,78.51227358684415
24.4880844,90.83687246,16.997505665694476,8.786358178221835,437.3837976929168,97.23084059358806
18.75927679,89.93457597,16.968321508148083,11.19892371271047,360.76012639635314,106.1663840138588
,90.29751796,27.213230446197805,10.34634338527339,430.2389889938679,198.24606166941552
18.91251245,87.74938524,19.277553432727444,10.455379519800749,367.43522021863686,102.30621896907198
19.91330523,94.95031368,19.605703128350104,6.23364843631577,396.3132428209828,88.5096312055496
19.72620525,89.64934166,21.13809726435067,7.451686902975808,409.4623218476303,171.28128766778366
23.83185873,87.84034604,26.3920655232502,11.16461244479341,362.1367930300196,191.92938931615672
24.94467632,94.25702672,12.673266312138056,11.04213085356158,370.1583792553444,182.88175156487472
24.692258,93.87030088,16.004622811291533,5.25695217713196,425.2094635588337,74.85659030924579
24.72485577,85.56083187,27.332540299795355,10.660257780277464,382.2356271411589,177.89276826503374
20.12644921,87.59629625,11.195846847011126,5.163682757185528,404.00710134170856,173.2837914673207
21.02432943,93.0569505,15.817099084796723,8.648771053138201,363.5694695561259,163.19587042124698
22.40423537,88.1508343,12.88791272173219,5.655148991198279,350.39816964245364,191.56001905721564
20.33691147,89.38003827,21.02573587462075,8.430523937575625,401.64241475363696,143.66925639260648
24.24779615,85.56033312,19.65705878605352,8.560609316815263,368.51337763714287,160.510896792121
24.81530144,91.90842992,22.060361526689416,7.356054698209346,369.3762766719512,91.77330336082127
19.66329768,87.95158129,29.19763352450463,5.264431242061461,408.0781043227347,83.04145140397361
22.43377991,90.3396556,16.154835652418242,6.936039666888001,421.9432921767643,143.7552328149077
22.92052307,85.12912161,19.36511424713501,7.511500458718205,410.94528279095033,122.6251744623977
22.91843172,85.40695044,29.614070801998576,5.790408853180449,449.3679214774031,169.7458183478942
24.88244467,89.39686219,20.976618138030744,9.69337756637413,423.1374788575144,142.360576497977
23.40981539,93.13277,15.94913001881664,5.174529735836245,420.701310276496,165.72081081707876
21.20725375,94.26304717,28.910970975883966,6.502625260398327,444.6682499234743,79.84532811480098
18.20230419,91.12282162,28.24014920359668,8.9506654612049,386.2373488466976,199.3891934617723
22.34375696,89.7870345,11.442336684911844,7.360179707114042,353.53652362048416,159.78335427298515
24.32770134,90.88292835,20.375739681026285,11.563781374089327,369.5111214581714,131.12639719611798
19.75088482,88.71691157,18.843079670742284,11.092604125141976,396.9251895746729,123.44943016901335
19.86173586,86.19740917,19.679920824644235,6.3233267358718965,405.1330777653061,161.2377189490994
18.07132963,93.14554876,26.15873615091607,10.319647646111868,360.7874870407469,186.13765990389976
23.89162561,89.61850203,19.872746998326967,9.61421688801782,419.2781059556932,176.2155671139116
23.98598756,93.34236582,28.65626092875943,9.142501828732785,437.9228767298965,63.98318110736047
20.93892916,85.42912869,25.649589032234665,5.811108729394996,421.5269151472393,75.75725763658251
20.82210727,87.22815682,29.851948868154214,6.279204436884408,424.061301017349,104.46759744959552
20.86474944,91.61793636,25.6333268407937,6.101170766980701,372.94096849107393,53.2835793139323
24.45840036,86.10874614,29.707505847967465,11.528118763165931,419.79513875794976,72.53311159524988
24.51147697,90.64498715,22.52266270001292,5.252002524747828,362.5960566633466,192.859235646241
24.56811204,92.03009222,25.945411146318563,5.154807859453156,371.3988125150133,191.37822611046167
24.63228709,89.01574455,29.04661627663448,6.579925721150853,391.403595024204,62.00159685734603
20.07386547,90.97819712,21.925453917561956,11.12948331431135,429.83778197385993,148.7010535358363
21.80523051,94.63612858,18.32824789062465,6.840531290274212,376.9000822177975,172.94818176868122
22.8122645,86.34233767,12.558982611490364,9.578071246714504,378.19356445309614,144.29637134442208
22.73031253,88.48567856,17.099713366928857,8.62107815709467,412.2146229615919,146.48202857459376
23.2801227,94.94330457,22.5984525465593,6.971033442504762,430.8181701393216,89.53170937255086
19.30106297,87.1775172,24.990104035192857,10.614046595086132,432.0440730311121,191.9234439281717
19.0087067,88.83768149,14.519284558567708,6.449944713407401,360.8438427938133,184.11407044715557
24.35193812,90.88612388,11.56419431173771,9.735640518588152,371.1079938008926,179.47937353077538
24.72235539,88.87651295,10.792855126483271,6.7016076185346805,358.3628533565575,66.37212078439187
21.92513945,94.46485312,24.56033083321641,5.449703854999377,425.0348091986685,123.855756723629
24.83954414,86.88738076,15.581675035547706,11.1356357584474,359.8985605479082,96.04580067095772
18.09691127,90.42177379,24.7255773805313,9.71381894340086,437.75714463324897,87.47214750948181
20.24104904,91.08706822,22.169247906066875,8.149083032265233,434.81812933671006,137.22047165016235
23.22594,94.42971362,24.30597923707028,5.736067602335522,422.4382097037606,155.75860658256528
23.50128217,92.97527546,29.978702331721447,6.406945447321342,363.0952245806503,193.90270283857663
19.44623085,89.02127045,24.11949009499051,9.498764379065737,416.4018595298999,154.53103676689994
20.51343484,92.51675903,28.944356438977977,10.033740227501823,404.8034382414789,198.73414152438573
18.90223032,94.99897537,10.925763227969831,10.709548863952524,424.716501150514,175.19968712731446
18.90592319,89.24126808,26.91403297348575,11.264828453137673,445.9992597473871,164.7096716691027
22.63045168,88.45577158,24.16718845143553,6.3518987252534975,379.952452126036,84.75000582500161
19.38603815,86.79058496,26.693873208227995,10.568684008478677,423.1956417280456,81.73447500534702
24.38318965,91.19431555,17.852454053949444,10.093531912900424,441.2744866745445,186.7020681710056
23.77989026,92.93386903,19.468467810458545,6.937846510971145,376.352780540804,166.95904670957788
22.59890174,93.16343942,28.200468303177807,7.949219313735513,360.5996920027907,90.98925686543431
24.37766782,85.4017118,10.429540377920024,10.01602388609432,389.2446168753697,91.48132388761478
20.89273273,91.07776977,11.45359823331303,9.448771812000276,354.81145772349373,114.81555461561844
18.09903225,85.70786282,12.358802990493396,5.3371336555318605,375.7433179226366,189.50176376909363
20.00218987,85.83618191,28.83400218978235,11.378909982042412,405.89842378246186,
19.85139326,89.80732335,20.662950993546588,7.037216999939602,401.4095761669354,161.20814345370042
21.25433607,92.65058936,24.475654701845396,5.7372457146868925,408.2012911348687,188.8889778732133
23.65374106,93.32657504,13.01299691329733,5.6967943680021165,441.0813902074959,152.9955973904517
23.88404783,86.20613842,28.495770395351386,10.837918687585873,421.9960832296146,92.79412051831956
,76.24900101,12.926622977414898,5.0406616673263125,420.34157412462525,137.38599652401876
27.33368994,83.67675197,23.035940691958224,10.569577736800545,430.1163170600121,77.51230591761626
27.40053601,82.96221306,12.524361694819396,9.88171110867916,431.5655624873765,129.51005311597203
29.3159075,80.11585705,22.513203908267013,5.188812393683553,408.5252416814535,
26.05433004,79.39654531,29.777288344130767,,388.424864898947,97.705825018495
25.86632408,84.42379269,16.775126349262365,7.070961032190277,414.9204459945005,94.29559554033244
27.00932084,80.18546798,18.149825091205173,5.619849328226572,389.3993462924736,110.69171816953704
29.55054817,78.06762846,10.052477463262903,5.709020799271084,394.9186016581508,89.61214012869137
26.28845991,83.390039,13.938658325440157,6.202810781836392,350.7000511818338,127.77659063440504
29.16226551,76.16151562,11.707138610625297,10.162597273699843,406.59845745360366,51.11617165795382
28.65003945,82.68752542,13.357367325075874,11.51857078403277,388.4971371790509,197.21994231502356
29.07311132,76.50045221,24.9346794268132,9.31215859929856,388.2735862460327,177.8561845062281
28.08166093,75.26429821,16.534598306057312,9.463407442063788,435.9291904710045,123.60563924023644
27.1994597,78.8086068,25.53862575487019,9.596316490921488,421.131456432112,58.587838804379984
,78.04602887,11.7319678187691,6.926496409845076,403.56956437933445,51.753279586206
25.14748006,83.34688193,14.839741894819548,8.229272115930936,398.40373300846505,89.3992975284932
25.94019018,78.3422098,27.518603511688376,6.531625356232604,407.3452617931469,153.76497951273336
27.66752761,79.68542782,15.314945120564763,10.389157922342278,398.4342604765606,65.83655439898922
25.56703012,75.94067692,28.75985289802956,7.151245689840065,388.72366135996816,145.9956272682502
28.6956201,82.54195839,15.90121818968138,8.10181375136421,382.4990238811133,142.8194488043616
26.33544853,76.8532006,23.49247275808871,6.042544369567898,399.3878558253665,122.57117304040804
25.93730186,78.89864446,29.30871124087917,10.236894497591765,381.8517062073429,189.5841508572656
25.13686519,84.88394407,20.718189891761558,5.4039778673392345,419.028804761657,60.27905269154682
27.50527651,80.79783998,29.88301411162114,9.155012521456666,370.8265777936193,170.48394930956465
26.21009246,82.34429458,18.23010693960116,8.001007690797934,405.8521747583883,161.4683243095217
29.10403455,79.19588629,18.730584097929267,9.515198722166836,408.587384129495,67.18167385925389
29.2440638,77.32017166,10.236418935932338,11.06332737021467,367.80701326673454,138.78509223918883
25.56202173,77.38229006,20.533254436551665,9.366870371875624,382.0212936727345,104.97742665561066
26.3985515,81.36028902,13.1171819705369,11.66973852884568,359.7621466453938,58.29583581205883
28.09577643,77.79586769,22.404137971812943,11.162966421969886,424.3621921058967,155.75930047011695
27.84767901,83.31110751,27.55667555080722,9.65186092426331,360.7964931296164,69.02751453205184
27.39341554,81.4654833,19.94864011567039,8.497703567129708,381.46199320459,120.3627224781592
25.14517635,81.38204104,14.208862521680636,10.437493087241696,393.4598923649828,70.36439034657317
28.65456263,79.28693687,26.47893498336275,11.157198458354944,394.8753876719401,188.24374717444857
29.16093424,76.67484233,16.34199929243283,9.513756849931628,352.4826186466844,157.16962318939147
27.57278064,82.0638878,19.183170637023395,11.852868351514662,390.93297037384815,136.55047740249117
25.40909896,82.36208097,28.66033763504648,10.11195673530127,437.9486793716481,52.61145259552561
25.99069521,83.33983116,24.81120905960601,10.473805003358208,374.5830735355215,111.32606950802663
26.29039046,81.06003778,12.082360233995129,9.685712911894925,410.9714503350251,146.9055825803878
29.14827211,78.71024836,28.19737052955172,8.609898406463024,353.03623323103847,108.0102982610089
26.59743595,79.35898915,11.506309430984572,10.026817744631089,394.4843365063117,189.198798563846
25.36059237,75.03193255,15.530924907457653,9.19425107938234,427.372338793196,133.66784955192446
29.12036889,80.18080728,23.119344861006976,8.968669023837858,399.428070841784,82.37363432397902
27.53911354,77.25629897,25.52446343734061,9.505243056648847,379.26589962721647,126.96855250845972
29.66727337,83.51014178,15.794511260178512,7.274274653398306,368.2652385737153,164.87351229655803
25.05802193,84.97323747,25.338599941106796,11.71661708047704,442.9742594775492,125.26639085731208
25.86824781,78.52399914,22.320775102816395,11.572974056296742,372.5952800163124,66.63436130821667
25.85036988,81.95580471,14.378057037948288,11.045736040525444,363.5060396349493,188.4896958564439
26.51682337,77.79913575,28.194907437768567,7.240389374499693,387.7821770451483,144.91924297014918
28.66725136,79.59242542,29.75237262700032,9.012164867989878,362.0648898410088,83.13118127617372
28.14938935,81.54448882,25.708471739896822,11.176903458383745,423.0544034841603,191.49752176821636
26.42313317,83.6995044,11.295995627972912,7.012549120672988,354.81605892779373,180.70842699158237
26.59386409,81.40740301,24.416039912164425,7.721136906644496,441.5562016554199,94.91751510641296
27.71822477,76.57853189,25.781208025339247,7.65146830848793,399.67973196761625,54.92061500195933
28.98333432,82.95958244,21.272419181042864,11.989832995090516,,110.606988854816
29.42017919,83.96754496,20.61753669055696,6.803161315606813,371.63252826367625,183.9641309870998
27.39872329,81.10523402,28.52796280991322,8.918789970563157,424.5521194212079,142.2998374544171
26.4020227,84.41007614,17.87408834951183,11.796320158543242,380.06526238636144,94.89607315602036
27.81251452,82.69285419,18.85747657066364,9.866232992109666,429.3400767238816,54.34566149308729
25.19640218,83.55829874,28.325902456647423,7.199617397932129,407.0695846633312,75.60097227870389
28.31193338,75.77363772,12.565318535077452,9.114565337533463,401.88530786264056,190.8154419389171
25.90113128,80.47152737,12.140492059410413,6.307752498523949,375.2551748868228,103.64972568576056
27.48612983,76.11239849,29.175327495168705,8.582610836664788,388.0306849434908,108.27932768196312
29.38254012,83.50423735,13.227263136868348,7.789179650193862,410.3954382702209,108.77805833149615
29.22118628,81.08183635,26.61634477390673,9.615613982055766,427.7203059917793,66.20559784957513
27.09062164,81.33506906,23.64088673750455,5.213924341872948,435.8617180158439,118.1578343495433
26.12643374,81.81365007,17.411591381515123,8.370201790706803,425.4770705078466,50.47950098293671
29.01207743,77.95192527,16.63685599608202,9.163123097571123,367.7380147536476,170.79019417937394
27.96799119,79.28625709,27.631991593462327,5.45517488697134,402.1478540018626,104.1995601673656
28.0764455,76.05522115,18.36933270131416,10.090547545606888,449.88834668983736,98.77029643768734
25.16278237,84.97849241,13.083566603279367,9.75783462713622,387.2637755528066,96.73329433689936
25.78749808,84.51194224,20.526831018972626,5.934902047903253,438.1342493776901,77.03014587497077
25.34119774,84.47321314,12.53884387484913,7.665334151977271,392.1614221201162,82.17341704399402
,78.34971537,21.184210718597853,5.343629340775273,368.7340510961273,106.72827996056486
26.47522633,78.51833782,22.82054916657342,7.968238869826388,400.0944678347647,181.5013610913242
27.39489579,83.31172003,21.757814358798004,9.888220059166663,389.3526303422334,193.74679060695505
25.08347445,80.261731,19.839832895229613,10.95310827300801,380.8661048749861,177.5520904594253
26.6719835,76.48541655,23.961921889132327,9.489963537005456,434.6634446272299,169.99995393891058
25.44926208,79.49221962,21.259516464292563,8.258927778693504,367.74966611312,125.61092857081644
28.22776705,80.6430384,23.41065976745307,7.941116070376768,405.3345338723524,137.68668492743717
28.1279509,77.48247073,25.78484558924632,7.100583657424489,421.4405726447123,160.6337250087647
28.9470467,82.1888998,15.141719267175484,8.403345806940486,387.63327926352514,192.4755319175036
27.96236771,84.15403614,11.229387089027805,11.767631229377928,448.3374528334263,96.5890597807709
28.00316034,78.90085998,22.668378327418573,11.566289830371757,394.6703440227882,166.0479016258637
29.1400919,80.1190228,27.14673244031797,11.82325042889975,417.2027712335599,164.66024351651748
27.9122104,,12.797878443899853,5.489952429084051,354.8722961835253,192.38838170532205
25.43480512,81.53977797,19.80368362939287,8.194500831556658,444.856111138052,192.67623820392848
28.55980972,84.51602322,28.957814237953468,11.7251915784244,415.1980318039025,91.79399187121398
26.59580783,82.99556744,21.354007052882903,6.883608512588595,383.98045703867695,53.21213083999676
27.19711623,77.3970629,29.78439711820344,10.138441159300394,366.7711878295625,197.87012983697647
25.29391516,79.29122198,15.584397075121004,7.7683814421636175,410.8027948954184,64.5454667859827
29.90888522,76.98740841,28.77461744817684,7.694074293233861,364.2448230618667,149.89228123683662
27.94972463,76.63713353,26.975793549868214,11.754585700765285,355.354567254719,132.5031800088976
25.01018457,78.76260938,25.985397521550126,10.00045667767194,370.0804597824554,86.52833522466042
29.21144871,84.70189923,14.482681972169132,9.00643611748248,427.4967849434482,92.48101099932856
27.35911627,84.54625006,20.64717442786585,7.020558825761817,357.4229701866576,135.84359887193932
28.0106804,76.52808057,15.28334201903384,5.354606925462043,427.991069692968,73.01433469753412
28.67208915,82.20793613,28.399852346490743,9.68956205082103,401.8110884217699,149.27264479590212
27.34585147,78.4873835,18.555143687744447,8.396095163056769,405.3878215362177,89.33713674118
29.50704598,78.20585613,11.57327106741946,6.316263759235625,373.67248661154633,88.00600335674346
29.73770045,47.54885174,15.153237764318618,5.212209318188972,368.04096505557686,155.81085615975425
33.55695561,53.72979826,29.81568963025456,11.364753654106137,449.45908858087137,184.5842361921965
27.00315545,47.67525434,27.38565575983308,11.513797253414538,406.7256020888372,80.259544837464
33.56150184,45.53556603,18.97288164416697,5.854913008923347,403.5341508162376,131.24198060086317
35.89855625,54.25964196,11.928400658221928,5.444153275031569,430.87234497122734,106.1888904057198
34.17719782,50.62161586,14.675872562535844,6.407590703985772,390.4336169609605,131.1759390675589
30.01592643,53.19212381,25.940271838540543,10.752462916382324,367.31616540398335,112.38628828487566
31.74592134,45.16127859,29.05599984484948,9.35757378942182,358.5920500588174,69.79957890183655
35.99009679,52.22780489,12.970253989218888,8.326114116889578,390.42591406964897,182.3865652721956
31.86641378,52.19331595,13.17561760067285,6.684201672713111,379.0184506387416,79.34951018095876
27.75518664,52.34605806,24.47669178874236,5.626856966411912,435.8932715711568,105.97283401491156
34.72413192,51.4271781,10.113773482446792,7.845182417496389,400.0385011017111,122.33706548769418
27.53907547,53.63549533,14.677124413861492,10.938622747814469,403.24886131334665,59.08923793896368
27.69637763,48.5622488,28.466059968889667,7.84347332562691,360.7270760261762,160.46350289723225
27.25373364,52.66319725,12.116268860828583,6.264368752680308,432.7599054430853,84.52425171463749
30.33723921,48.88704844,10.56729998261652,9.880710218674665,427.7502731111899,156.11533701288172
31.85744939,45.53106268,16.020352572280615,7.225482495858943,377.5939042471411,146.0603777102092
35.39986338,49.45962621,13.515716639695825,11.836348727367918,421.4086810437386,51.30104384258071
29.80747243,52.13797867,15.83044909575043,11.368463265035466,408.738558659662,100.71169551443022
34.16438906,54.16482251,15.520950459783,9.684546547948212,412.3004424652216,188.34717771095097
28.93270187,47.94053996,25.451892160205688,11.983307126403108,378.21123896501865,150.70526580365572
27.98392787,53.33018851,22.6375026764087,5.675524728754592,441.5292978790143,150.5704491376427
31.20478173,54.49960506,18.59303977657086,9.908640214566317,353.1559946853126,115.42511319876527
32.13409675,50.52559148,24.53922115912867,8.598033003701104,430.2249163710166,107.75428531092112
28.91862016,48.13974548,22.109309180516867,8.67149886720926,363.2073784210128,196.43105045416303
31.09779147,47.41196659,28.97651413578902,7.724918699066491,353.0281566812762,189.7188305869769
34.73823882,49.08864345,25.96472700919952,9.974807388350705,426.9053221336568,83.20248043139586
29.98080499,49.48613279,17.349656767443335,5.682681685666704,425.5099189900442,138.71353935936656
33.80398664,46.12866113,15.634928991882044,5.857405506695924,384.14010390479535,184.89915236043356
30.07202564,50.96040505,20.715076606168907,11.357735837490596,411.23663209182325,133.2872655603867
27.92063282,51.77965917,12.462926012823116,6.658189512274884,358.47897699870185,73.28630513993075
31.40948821,49.21729127,15.720683747476397,5.002760418077519,413.2649981165205,71.60545368971304
35.7877738,51.94190321,20.57995716136375,8.434107945156772,413.5096980570487,130.00948679223578
33.36140093,45.02236377,13.087241229945963,8.73759285456476,359.35127428046866,59.55049462480298
35.96054636,48.69677802,19.69151395508908,8.56087782448124,410.5396306284175,
28.33333307,51.39586505,13.56465894595029,8.648098801104226,416.4930891188513,92.8247601563515
32.27652024,50.19368841,28.945067869860168,8.603667156833987,410.579476517807,104.300861506187
31.99490489,50.84881347,26.14085037429558,10.223447364698938,370.7795764543419,185.7570161701242
27.58258929,48.56916221,25.392462588985584,7.350324999196648,365.5566899373565,125.38439689725244
29.38471637,45.88744691,13.32250068553737,10.103222279475569,376.32439864922185,167.65971112990937
32.38697531,53.2328243,25.686458540505363,8.538126184601378,447.509991553162,55.49886082300576
30.91471455,49.92963856,18.13417431721645,10.786094478493714,391.15060316805,123.88094527863902
35.37775595,45.58110023,12.250950933904624,8.179810521372492,416.97929280665664,183.0088671621624
32.32362177,52.5896771,29.934365822330737,8.870927057371205,443.27913746807815,143.85779771982436
28.22373428,47.40519056,14.383905838249806,11.857356630025311,375.2131891953593,128.76021626961207
27.27433181,47.16808054,20.95036774058351,9.5993931578653,387.58164653246746,177.47223893405862
27.10710832,50.70880979,17.787394502864416,11.55443526159478,384.3138914253102,141.34673528238787
34.89226666,48.75613373,17.71277351180151,5.325111925681399,375.25961144540406,103.9023372108404
33.7462686,48.50387598,20.50207888167642,8.842771318745514,432.9567580075293,53.8175605751648
27.3511056,54.43945147,25.354738784996258,5.378872392919558,350.93478516205545,166.32532771304403
32.89300162,52.61323969,13.856105173905371,9.00089293536961,391.5108101186137,175.51582967415646
35.38598705,51.42664176,18.209124155162264,5.151235616995752,394.6440813528534,178.80655691289454
27.5529736,47.90859131,10.783959311288562,6.699745250130075,380.7558763974026,89.17570909603396
32.82141065,47.45553843,26.92493135810683,10.608561658907384,352.91785640617684,151.02006458177112
30.17294105,51.0845903,22.368035030771573,7.485103077973636,374.9701394223415,148.86119798149065
29.26382931,54.82257868,25.629737763625258,10.363996173786898,356.44205651926274,140.54430102643914
32.06097197,51.08494181,12.396979879056625,11.572200260236826,440.4510293030868,130.3430383523095
28.69818144,47.71875722,12.392641104323507,6.620135706584731,361.0312890274221,125.44311060182989
29.14305008,49.40983294,15.677192302870695,10.214782987424837,404.2140329337621,109.44631453871511
28.3471611,53.53903102,28.796271812581608,7.423851103442288,407.6803607004108,88.94216406000888
27.67256197,45.41692012,24.24630233128739,6.725833302874016,439.9827141757871,188.26723330830296
28.1218093,46.16888595,10.691681153943303,6.690508617925482,426.48022847668926,56.27167364518724
30.79375683,46.69536813,28.64394564828418,6.33286251838077,435.1973475036425,153.4998724982956
28.89409382,54.80750249,11.349458943073508,11.745399852463754,380.1524549145914,73.0004976028303
33.33024826,45.61143594,15.886645977396885,6.644275926980583,376.7001385911211,61.97061959420441
27.78912455,53.96886679,12.000506154949411,7.011213930015463,371.6628651391069,199.7696085130453
31.65333432,48.20662669,12.045818537223123,11.17854575729728,382.93352075275385,130.46750481159933
29.75150773,46.73723302,23.59628261450777,5.528111671444128,362.6939736398739,198.18363124538595
31.32995611,50.22287593,27.565137396918484,8.30278609110212,361.1337793298358,120.4462779683401
35.63627319,48.97047762,21.83194359588598,10.099539527536088,394.6145673267954,185.6628827991948
31.66524687,51.98594645,13.101788392720406,,423.666040286256,122.84109623346085
32.26935342,53.56092806,29.34023694955561,6.030596401140092,401.7787957179044,99.92315719772444
27.81005614,51.59445462,28.427872693199404,11.325878339399612,387.6850994951384,50.89515262658392
34.58561471,50.34035336,13.225138142555844,10.644924615799097,420.6717457655312,188.55757541290689
31.27180992,52.23810152,27.072188394799525,11.078800673122377,389.3775983014044,174.4805144828922
33.93679864,52.72170281,14.497889151035778,7.156714110942934,444.2819695577924,149.05049501552014
31.09154239,47.02058367,13.009933763252793,7.008055952107394,427.9846736749895,127.76690214778164
31.89356292,49.02450149,19.078530082322477,6.429873161269791,410.91048353675785,108.40822058204476
32.45465292,50.69693751,20.16287908097148,10.51943841792308,412.9746557984709,156.43312607480055
35.47478322,47.97230503,20.96619935137176,8.73626150546118,421.36710829186137,154.10427469865033
27.32961444,49.30347234,16.82892056563115,7.869854686964746,368.48532778182687,79.52362590478475
30.90225239,49.95955487,29.618378360382103,5.046765418593381,442.9058294380934,122.6433651080593
29.09382275,45.5661059,22.681703927230465,8.290872703009377,412.9487642581278,158.60746395196685
30.02086169,46.78393776,11.55177333359918,9.679904877439435,368.8228913451877,154.80948645235458
34.13072188,51.25786185,16.15189052261151,7.25953424692906,382.8159231677604,180.78760129111865
33.44619894,53.05980465,15.595314711780246,11.326764999357929,397.0707794675381,195.2294955713066
35.3915464,52.48823147,28.029991510909177,8.72817466692484,358.12652889009104,162.0651469017243
31.53356352,53.06009323,14.17633378507037,9.11360221362467,380.271498672713,161.2887164678362
30.7645515,47.93791463,11.108241239335278,11.02561183816479,352.5506673658353,120.93984847031098
30.01821337,50.0983181,22.87051321085243,9.81295467959671,434.3163135571047,150.25666850684064
31.32863689,47.59319575,13.933111449479496,9.509737446104545,356.6473433745257,91.720155830778
33.88004781,54.39416048,13.912195781612864,11.645756294396625,425.223361667504,113.78180183756136
28.07802689,54.9640534,17.420923946520322,6.568366898894003,396.3807808019393,112.7979138370323
35.53845018,52.94641947,25.762900270322305,10.56658423712734,432.14988663543227,61.55656742589002
28.70595247,50.44030129,28.05750322081822,11.60368749941923,398.33723779343904,134.34555973132368
31.48451729,48.77926304,29.774124577850348,9.107896447562602,380.7282732590555,122.81308612722135
27.69819273,51.41593238,14.823679511169106,11.131652589519264,433.3556860232486,104.48565759466295
30.41235793,52.48100602,29.738825614820385,10.760095519982189,419.1485888159944,156.25669793594778
32.17752026,54.01352682,11.84767260897906,10.705365928232103,436.5921459572591,109.68732037488228
32.6112614,47.74916499,11.754106736230822,5.949850465387486,371.1037330090304,77.93494848418956
29.99677232,81.54156612,20.347876568579043,11.118319676588351,430.5065751819473,188.95414187482595
30.7280404,82.42614055,16.496335589793823,5.200766039757856,429.00086641136176,196.7066562998277
32.44577836,83.88504863,22.168864617679898,6.44745130183923,432.8964486545,172.9760334545142
37.46566825,80.65968681,15.067755794891626,8.672953659538402,433.27527271906007,98.11425778695008
22.03296178,83.74372787,24.22334231610793,6.965756858001104,396.0249927295587,161.62913034429772
39.64851881,82.21079946,16.705183656458175,8.609614686742923,380.9832706739987,177.8189288474846
16.77557314,82.75241875,14.62008457354159,10.226271704852971,413.06353563390576,103.3656204648096
12.14190714,83.56812483,29.38131835722012,11.012704844717478,396.5410116170759,179.76101771844552
12.7567962,81.62497448,27.627078170920317,8.733748359262439,396.62192315098247,108.12586318195407
39.04071989,80.18393287,26.45161255672348,10.537050799574882,439.6479376702555,134.91927036530026
39.70772192,82.68593454,17.51148645603562,10.432567898016591,427.0928199364056,86.06217357088326
9.467960445,82.29335466,15.60212742502812,10.516704489781905,434.2757034578024,195.84908559672576
29.58748357,80.91934392,15.125943929784174,11.68043481447691,351.8697653908431,53.28686107745293
17.82803682,80.96093443,25.623572519850256,6.512361567994478,448.0668048342269,92.74499870877445
8.825674745,82.89753705,26.256420146185043,5.104906777333026,388.8692328642522,93.753587828945
27.83487131,83.51444973,14.947970460124813,11.274838151798434,366.9060355774936,119.91495334365248
11.02105378,80.55557235,24.18920529781756,9.660157539001244,354.34884892952886,178.5027974917523
17.5862944,80.84806564,24.82448390506296,9.168872999954155,448.12834192876,124.91581943356606
19.89363946,82.73366439,21.913312119485408,6.598409695714603,446.62675043442425,139.84672168339898
29.93707596,81.77713468,12.661393448287384,6.272751682423989,359.9507870743375,77.83189227854476
36.73126647,80.58931938,19.02099378803077,5.421545702504631,380.649498976534,185.70645377513867
20.42094753,,22.007679841140423,7.640145692674437,438.6233684277833,155.27413571499994
25.51939719,83.98351748,20.301319031545216,5.832292298220323,439.1272109977449,63.44562444176315
30.50734778,82.71775569,11.714645667151553,9.123124856143942,443.5236713034578,134.99564651810348
18.4269936,80.55625868,11.402795765612453,5.415000927988154,415.38574223372353,189.5339907178241
12.087022,83.59398734,25.638660365926764,5.257881240712631,408.2985743728025,71.22365474829576
23.60115364,82.48336987,13.037254641214304,7.729509764612611,408.5641414297775,110.93762484310342
12.80000387,81.20876367,11.388349185657002,5.305920704380046,439.44387905158175,139.6791809291173
38.06099482,82.24729637,23.02240762427472,9.245744833616143,391.46138345864927,156.67289734318328
39.06555518,,18.246309706544192,8.578819745337046,405.7531416321484,86.13634506083083
33.78372897,,17.225275574266917,6.605099881988845,442.00542866104206,129.1971075875992
16.76201707,82.00335557,27.672479056191204,9.752134275893944,374.17172069815047,102.10683839764002
35.89307536,82.66850729,18.778872334351057,8.317899432902026,362.5806107735268,176.27241468035012
21.01245395,81.17931863,10.984919948676248,11.083892588240836,372.48744177347766,53.91278689911475
10.89875873,80.01639435,19.484099304103143,9.024742549931304,433.1164059654647,135.7033850373049
16.36251869,83.00471609,22.330633948436315,,378.476363972584,116.16818244352449
20.28370163,81.32235739,23.788590159525025,11.45198497060995,419.2313734357698,61.0359298873191
25.11108456,83.25447587,17.313184729706432,7.572945985229856,384.6826211859224,176.09719037371823
33.4641162,83.86742974,22.70373097856308,11.277909607976037,377.1429785845643,189.4695040897273
11.7976469,80.86325389,15.056620653688066,9.771058773683473,404.968810079458,171.91035872623956
11.36300891,80.03100049,26.26395315703626,10.731730065116317,368.8449687551723,182.8726660417336
25.23542319,80.68700527,29.22898708750293,7.953328621750047,381.4469238160577,91.08008173258064
15.99050693,81.23966573,26.830585221895117,11.727966320700226,425.9998180510072,64.91055509058538
22.4359017,80.18612085,10.18596245452054,,361.4719190971964,81.17487461980579
34.76086052,81.03544763,24.559204486515533,9.89029672035699,413.4592038269283,183.75570065479465
31.11047251,83.34010951,10.33026980115875,8.116303555856828,363.5635071504812,105.0172432800368
28.57828803,80.95628959,28.71880532328536,9.931031915769513,350.4774122433321,195.2599860635088
41.18664903,81.01783402,12.65252837641646,11.692619282397615,434.84787777127445,68.74730964413166
27.02766138,83.17093908,11.248818123109782,10.17051940229179,369.38433672624257,51.86176667044706
21.19339319,82.33098331,24.271407784450503,5.080092933657373,,82.42792699356917
10.38004759,83.44518113,11.099956508299684,7.9911382124626655,409.07160095456607,71.06269247215529
31.3115978,82.56407013,26.56929895755497,10.980043622142704,398.1588131299295,55.09117389599558
20.46657776,80.97598029,28.33684740894858,7.62774362566026,362.99164315482886,166.9901505026583
29.36947679,81.53996362,24.105264289258383,10.653899759801124,393.5403994006502,166.265297640808
10.72302459,80.02130636,11.56502365464743,5.081437222586004,407.5691674130522,193.351124606585
14.97846952,80.49979873,23.21829705289648,8.29443769788704,388.0038027841902,151.39212603584306
15.3246651,81.67215994,22.6514815456319,11.195810784011428,355.80987678243946,55.82584035452409
18.73932187,81.12109244,10.27446969830681,6.245597846771007,406.93069399013314,50.60435372748454
19.3642553,83.36094029,18.835335118011184,5.179628807913219,397.14776289454727,147.47028618002685
41.20733624,81.61051026,24.93024936779359,8.363752566912844,400.0308096639212,138.26944034209043
33.34214482,82.51034633,26.886004500313,6.712088787345264,379.10446851795376,124.45694859700934
23.81995682,80.12211649,21.90240447327957,7.53242229993586,444.33164289383694,68.52576369985275
40.66012294,81.24995984,16.96396246781107,6.787804831538917,391.0944074197805,187.90639629883864
11.82768186,80.2827185,16.780189640221295,8.666381051328106,360.4563404487346,175.5998131314331
13.28504331,83.54193816,26.202623566777863,7.02492089451006,429.4283456208621,173.89997621003664
35.83089092,83.32560104,28.57864596383116,7.734796919962665,361.540737343149,69.88824642409867
26.18159716,81.03886263,18.163780013724548,7.921977942093024,416.45832486846814,163.1320381593003
24.57558351,80.70695797,11.329050465502029,11.331680324553712,364.4129481860432,70.88071344821763
29.67229086,83.71498986,20.76540487878467,5.045936530403499,391.2862239602749,155.47061887207352
39.37102553,81.25353895,10.424958203965502,8.03649054811858,400.182834061015,183.9097310415527
17.66558428,82.92903419,17.48389157563706,9.318153222448208,447.0562512025941,165.2600118877042
24.06679352,82.66396666,25.15093129504912,11.091368105418072,396.0690072292885,124.78550780130074
15.31413469,80.09711412,12.70042217067424,7.6195920897077,415.3582206190508,62.12600925332787
21.77466746,80.54942557,22.03301080540591,9.037526174777032,431.3343482040615,173.6484312572954
26.91624843,80.76838926,27.55411739335504,8.784610860931343,408.4313890225511,50.38834294155715
41.65602996,82.22118237,24.439522388269975,8.993371822317629,350.1129099284737,52.96484560113024
17.98667801,81.17712085,13.372461857545964,7.228892156071948,409.2209212871498,78.76704627423113
29.12033769,82.79092939,29.48187169979946,9.236200125773456,443.300979041297,137.89720380913064
34.38922481,83.18392806,17.306128817610425,11.049779931289248,395.4139855587744,168.5822199141312
41.36106301,82.79782954,10.070927185903988,5.833881648624252,374.821216089624,156.3039986054594
35.12158265,82.26890793,24.796835911314528,5.2637964663816765,410.74045347777417,191.2988880236906
19.6491772,80.15215777,14.012818343701646,10.77974296358557,429.7709641817895,111.76343857772152
16.27852801,82.94270065,17.186455084550587,5.55954068390443,441.0045955654954,176.2615802492927
21.11903604,80.63399198,19.64843562238713,5.596897115103051,419.8522368055458,61.95875604462668
19.2077707,82.9042841,11.879864319508734,6.259675705099257,431.9056557301724,94.74695707138623
25.96308415,82.57813624,19.18308618248396,11.100008005571947,448.1899639793693,158.25459172539072
25.67385024,81.6212135,12.951263015127374,9.536327630198851,372.0350798310628,165.86231913387093
41.94865736,81.15595212,24.30883058797581,7.415010139677875,362.7021965388745,183.01863299393767
11.18994268,80.8084305,16.086148154120384,6.164542047138376,414.0468318362172,165.63728297599863
17.5438296,82.94703302,20.805396719280253,8.966821066317959,385.2810958091512,124.77367930959284
13.05809741,80.28297993,20.22125963985225,7.240012660812663,382.40785009593696,62.550071797767664
9.724457611,83.74765639,23.4975844784642,10.793036903829783,405.18074459836185,140.33962000081482
27.92004934,82.93262435,14.387860606427491,11.208778285904453,388.2835877192812,163.4620666185328
9.535585543,80.73112694,22.546024199984057,7.019064616380854,354.70671601584985,129.61421446574238
13.42988625,80.06633966,13.617083412408157,9.313099372779435,366.80669690745,107.027406624033
9.851242629,80.22631717,20.659253035003697,11.5931261600174,391.0178552577895,89.64248019859518
24.97256132,82.72828653,25.79774742042684,8.493290316580499,350.8865050150381,97.978077428222
27.23708304,82.94573346,29.968617484794752,10.555048085917589,382.6860282655047,69.26566539091439
18.70679077,83.4795292,10.585878969377427,7.0327914305877,448.83098416211885,117.51270786951746
9.949929082,82.55138983,13.620887594116882,8.60428261016723,356.2586011043857,180.59551886170507
26.47330219,80.92254421,15.08057143272421,8.027283110067453,414.22599700584624,161.28518180011326
25.18780042,83.44621709,24.427121599577383,10.101718272355503,360.6510451474165,168.44399298878298
25.29954705,81.77527562,27.84067676259624,7.579268771166818,431.5347959508772,92.77118102875129
24.74631269,88.30866319,21.722580321044305,5.772596623130273,372.86409118748287,79.80731930159591
26.58740671,81.32563243,21.602344170023034,7.231309663750425,352.187793642426,134.883311430444
24.53442564,88.989272,25.12719040421041,9.361535531115964,398.51599018239193,100.88329992197345
26.0713757,88.7285657,23.830453659792354,7.850181282368382,379.2687004119619,122.21610525792188
25.96534238,89.77076659,25.314460823671297,5.020614937208482,405.480224870631,134.5862112896906
26.22338015,85.34866045,12.9119164961058,7.590671245732807,439.9962068503652,138.68233548882418
24.41311871,89.81574032,29.529001844156213,7.3296592598999855,353.59423286169925,154.20445015719667
26.49195283,80.04678201,18.9444281390502,9.774312500937183,428.5706645376688,104.29173227112187
24.04355803,84.18406764,26.621022154819595,8.46397942792327,402.6465894153068,146.74711575342664
25.5421695,83.31883376,21.08846327859752,7.243667984919472,388.9748623511061,165.42229088622418
26.74550678,83.9195902,23.37443777472351,5.645978957694785,449.9843895315361,133.96539496961844
25.7131428,80.22972777,26.077866311517653,5.142872354139186,365.70973679730776,90.76985197987518
25.76484262,84.1726996,21.47110399349033,5.207475486756047,430.5980311977573,70.37777676276994
26.79489868,89.64815231,27.732078309628573,10.919997622339244,449.1074899046401,53.49338153291603
24.9004602,89.73524177,24.415408129749835,5.701971325520555,427.0119076871612,108.49218094873126
26.80750629,88.22874955,24.026217182541146,8.706022169270602,423.08737097714845,75.41706822969478
25.11189154,80.02621335,16.80893605080174,7.639288518986463,391.6463973332876,79.3620932170511
26.2148837,87.6883982,12.322833033084803,6.310621094426313,408.4361893285713,168.2725521814658
24.9103226,86.97190046,22.4253864099393,6.950997185612286,391.2269331822146,60.86100923451223
25.79448878,84.26830701,23.61077070207454,7.996035175997341,387.497385907457,180.18104003405432
25.26931156,87.55055105,23.471283449453573,9.637369140486763,361.9440731272848,82.77037833553902
25.76402693,87.5931128,17.722522156618602,7.62611267881841,419.3680018395526,185.04592558926535
25.85483596,89.13163965,16.788202945031202,9.798498651724604,404.0991999914397,169.48296366236775
24.33528185,81.44030363,17.437142014543618,6.1332952013513085,372.1577981620376,60.13001053688698
25.37601283,80.99313508,18.08431334081383,7.478626433876013,394.6132745782334,85.98139515218116
24.86094646,85.05318563,26.378982381060094,8.837854311390593,446.20107397970855,158.94908165448794
24.71885473,88.94568335,20.02658110656892,9.375478185503688,411.3653356542639,190.4045172655387
24.21495706,84.20576992,10.684028294412435,6.503033105305132,437.6056437205155,168.11809095514155
25.81692236,82.043255,19.777561369107943,6.3803952441017,432.2430466489977,74.06432056298912
24.47018505,84.16390229,19.58769535643117,11.654855160601707,415.74433066274327,75.54402366252853
24.13078816,84.84494575,25.42831833497957,5.864720192248127,427.7455354843901,54.50146691508304
26.1793464,86.52258079,17.270074219558595,11.500941093358136,403.21406079412543,130.61575212717233
26.17668721,86.7295205,27.553654543993705,5.430485821136482,378.38024489632215,70.4126351253287
26.03867719,84.6378378,13.602948701916556,6.548405730132392,430.19643799013625,131.3403914582902
26.53259325,82.39053979,21.670056742486587,10.572155435224596,368.94892490957113,120.03831653295757
26.81938687,87.8274604,21.81901608255864,6.486787135067582,418.3526924344442,129.85806102189594
25.50405534,81.40297428,19.82711147429742,6.474150788233125,417.4402110706576,145.29000112141526
26.20234499,80.38266489,22.03001272495083,5.95191968486971,426.3675966390204,197.963726336477
25.13735887,89.28272716,19.73592291960547,5.5748843117412274,361.8487569629669,95.4069949603555
25.92030221,83.47202566,21.294355699453444,7.146288319698157,408.1378838657522,189.74731309561963
26.6634609,89.98405233,10.190471188400569,11.553719159703515,364.2333579662939,55.91068111215151
24.06731461,81.64075303,12.08634046970216,9.46828544850203,390.5829439425116,114.72785694205729
24.6774157,82.75411437,15.748256057965616,7.280528551190927,368.5282789481468,90.97254205712233
26.11440416,87.64081095,23.720900193686727,6.525308812483548,405.43714661959547,185.4124677488549
26.81530456,87.65694462,17.74959335643334,7.912803561907983,427.2785077991402,67.1883483586093
25.15623099,80.27525115,27.38774484090488,11.276675440303718,438.7868955281861,154.60800348787296
25.2801372,83.15393658,20.072348046242126,9.737051827834474,406.1159997356679,164.39093274730334
26.22005978,80.90127035,22.212875054130173,,430.1072412771728,80.5101650011845
24.92093261,80.61750795,13.337424516681004,8.947332632249584,417.4226994891049,179.83212132332608
26.21667586,81.01009354,10.048511242971324,6.53822273874278,415.1446613771631,80.5088989621827
26.81383586,87.21986949,13.800710213243498,6.476821898514528,404.01856522110864,72.2049318713776
24.31334971,87.47409052,12.29387392612072,5.712298604428518,423.2452181368836,65.1315118703144
24.29105004,88.04541346,26.31443477323952,8.00074455750525,434.8112383432898,156.54657477867374
24.42998931,86.33904774,12.834479681896692,11.313343614017716,423.4368129751768,143.2130660647947
25.66576039,88.6984228,27.30344959382624,11.073789201023295,381.0052523262655,97.37811807988484
25.07803672,83.46230461,12.398640117408124,10.868039920191867,419.6800277593165,188.82342966762656
24.88910524,85.87059083,21.294322434435745,8.541762329278692,447.99979124252167,78.0782379946382
25.42900869,82.91481799,11.409634274015048,7.949673367535174,434.7398421246137,129.65755934236736
24.37118217,87.1269128,29.177952179205207,7.873385160358042,413.5288749015404,62.32583125548061
26.4930645,88.59143088,18.86515605418325,11.434095037989884,357.5630440509389,156.39372900121202
25.83202912,89.00481725,23.978503476769937,8.744513600914036,445.0462371426793,168.959420004097
24.41592661,89.39655519,20.602902571116918,7.408692340048937,444.7601765462798,85.04684201197321
24.37190239,81.2514818,22.47252299621921,6.755166592863305,419.2256190345847,135.9048160568414
24.24782473,83.03687902,20.05074631056686,10.28000278529727,378.46355056540256,166.57147874658767
24.64458469,85.49938185,13.53062773626413,5.8303837928129045,417.3830129356597,106.4400803141661
24.89681131,86.10782926,22.643901148041618,9.612596751880464,361.7039794451841,160.55476192728185
25.41864024,81.12122989,27.82512177638609,11.475216516480904,446.4255462848621,142.36409571467544
26.26028739,86.14585891,21.37637203655423,10.736385791433529,444.92165570702525,169.23831107647976
24.90123934,87.20772913,24.934578042843963,9.34925222271637,443.4159636401831,189.12140155181967
24.84740848,89.20454622,15.7807815033009,5.1626474783856535,363.7134773251346,120.1546989159
26.98212846,86.70068316,25.60212102651036,9.222825937177042,417.579552002414,108.82131199252792
26.90435747,86.25426228,15.30228532605343,7.852294674719821,425.12714124507215,56.53822219553542
25.86475496,86.67468041,21.43328587577617,9.9711388186511,371.45923579630806,183.99429737436927
26.70607759,81.14149505,19.246636812408035,9.374930674358437,401.1532220207423,137.22543962820458
26.44019475,80.91934337,11.411661021388436,6.598225468953286,400.6358495213048,58.07817506594002
26.283443,84.42478917,21.77758052261684,7.873224439403135,360.03625597839107,73.72876935924288
26.84366082,83.85039964,17.695310570992287,10.483413883500084,355.25891398283073,149.63760803872756
26.03967219,83.9862443,22.755856239388827,5.195165947753184,367.3605050429052,100.11407641958608
24.92994759,85.00802358,12.155894355983186,8.847541762684756,402.01046102944656,135.01115606008565
25.50736962,84.24340241,10.198437805362424,6.716068709719799,414.7569548836301,194.00269897218308
25.4438391,87.9392312,24.150433597295176,8.212500387824258,392.7810693229812,126.73007576950194
26.12588914,86.5507939,10.562518996422764,7.747470079091838,374.0165695127267,181.04607156181368
25.10474753,87.5267616,16.352388261341748,5.381503852817495,361.25455635317047,173.04439018246595
26.27520631,86.63249555,21.60005269676551,11.719101101147634,398.8931810158133,183.49684900802328
26.27061608,83.09194521,15.66952298386388,8.748483826688483,357.8008720912217,70.59540478674438
26.73690828,87.82430156,16.64570674406493,11.633806630421953,433.9008984983309,154.1485706177147
25.04746944,85.5667282,18.296730221674448,8.945755218612078,428.8993864547364,85.63316804697791
24.69368934,85.56967628,22.332135681504607,5.078649659286884,360.18439569556733,63.11008006764848
24.54356968,84.60808277,17.99205611461348,5.904797107223221,424.9870499947723,185.3384339003948
25.89762315,81.96664832,17.108719469787573,7.664980302032863,385.1834061389161,154.69495012621178
26.6333118,84.31756844,10.824013233168412,10.019672661321096,438.7381022548419,81.99505163008746
25.35794749,80.45846265,19.06123846092757,11.20974087892672,362.8771381668897,149.46146378980507
25.28784623,89.63667876,27.37628313135259,11.82199184635984,380.1775636774393,127.71929565888988
26.63838589,84.69546874,18.3977846729176,10.670729021099335,425.7781429456622,142.976686436046
25.3310446,84.30533791,24.817854958358325,11.59360203614989,356.01438905058615,159.82449310760563
26.89750174,83.89241484,14.960071918085776,11.792706665748858,407.49612494894006,90.76772313484383
26.98603693,89.4138489,24.72318470716917,10.00073013800571,367.6457218681679,155.3053682808843
27.57826922,94.11878202,13.61459930168156,8.374898673496014,380.1620337858732,64.81147079120959
27.82054812,93.03555162,12.282475807709458,8.322449518587476,445.3198980189933,141.19355893864417
29.09910406,94.22237826,25.013074832082783,6.447218546966658,385.7888214581736,53.07939838750246
28.04943594,90.83130708,19.221817751887183,8.842752481861451,395.8440837340648,143.78770997752196
29.91690582,94.55695552,26.32108432531481,6.069536072630834,409.0694064121561,185.4679255506686
29.86895762,93.25103208,11.93748914705946,11.490051608423247,448.4869466332193,161.0074708460191
29.17220859,92.21405224,29.195912464852537,7.935584277796011,353.76720960682195,91.24112569778949
29.24908541,90.06998135,16.861238686994373,8.41422431039912,406.5387701293301,170.4998435771385
27.76317235,90.35567642,10.423127337590763,9.452678285421902,429.2625994355992,132.41378417742283
28.82629037,94.26765349,17.188346404755414,6.341198491117228,378.0450413782895,149.5442802314285
28.52379742,92.09688432,21.594300295136016,9.483979908430223,367.8387500949227,106.8661270173158
29.06785065,90.97685539,15.827244022290168,9.945290075837775,377.769412115226,67.52705254523843
29.08417927,90.73891887,26.640503241818,6.30997468245723,374.0996473122445,158.75207963010973
28.47090661,94.79453182,16.098333654928673,6.185410746960464,421.2975254389905,93.7757453365334
28.27973674,90.38971208,12.15128734277424,6.416110806846817,364.5718087858376,114.30601636912216
28.47212559,91.21322065,14.00298223280621,5.046102745823626,356.0818357392836,92.89077549599833
29.68846716,94.30111601,16.062880963574187,10.516192328761576,416.77274994527374,77.87450358965383
27.02415146,91.66737633,18.077447710991343,7.528402266140802,392.035563280348,77.52136830296298
29.09588297,94.16748386,23.75173574115237,10.660509236615365,422.6817066229204,98.06971732242108
29.69238699,92.58862544,14.094775208355,11.224160360025303,391.06909386740375,140.08477892322514
28.20619412,92.86798698,15.346038548397892,5.322739366425422,358.314710537237,101.24366482888196
29.05248036,93.92217834,12.614882619493192,5.590402251665099,425.5033174327106,63.84226764809659
29.57240298,93.61870344,23.60289859959217,6.876731762122566,367.3474249433681,84.7752433099965
29.10968327,92.43510994,21.56151770394948,7.084233589184421,445.0686707474853,165.25335565029658
28.20480805,92.91440379,19.03718406369557,5.614893516890749,444.6116215133145,152.24460855187027
29.11858526,92.12543021,28.919170091841963,7.2582638801874495,418.3249870697451,179.6803975469958
29.62800691,90.10051615,27.999164189782423,,,145.03175125241577
29.81196601,90.36881284,10.246730022434704,8.39253098365192,430.1199495758637,132.1831986863351
27.72338349,90.93897939,22.32960683970993,6.051017292204926,388.6716120189488,193.80988853688527
29.26092798,92.92367701,24.93733577739084,9.09063160623016,352.2523219747634,80.38030899614631
29.72791119,94.29753295,27.02378663600873,11.267318007921094,397.041253291706,90.77778002834698
28.91105641,90.78413842,28.22935251163461,11.758310869332162,409.6244003125332,130.98840685460982
28.96361426,93.88482153,13.921565654332609,10.830059424442556,445.5705842752423,163.6580924686328
28.59052369,91.33617236,29.20458172984761,10.26858505833592,367.8733223969777,155.89871386775502
27.33897716,90.69759008,17.276004022599764,9.381572324379013,357.04673209926955,133.24279479028075
29.90415889,90.75284363,24.039681761619494,5.860185696224211,410.2587412233957,176.5869346559838
27.42711692,90.02696201,25.787244489943117,6.710552695898029,434.8141506269436,181.3398894759908
29.55657523,90.70937262,13.999825750530306,11.488074658344186,388.5572881351647,154.5213818023066
29.84070774,93.76312893,13.581078241216552,10.356894887745415,427.5032202032053,145.11760033124744
28.53545677,91.72742702,28.982135482995226,9.161602080461757,438.81787687651047,71.60138048904422
27.11535046,94.86907886,12.471833841614878,8.822223113474395,426.2179151056364,103.12848262273968
27.84492803,91.60666594,12.067107354463678,9.024384973721482,437.7318363205695,85.974353186178
29.03157242,91.82172592,11.521976739715187,10.919327056095264,353.52891972841724,136.87559990063562
27.82424457,90.56698742,13.658592603368296,9.371350580902709,419.06948423077495,138.2029020239989
27.72653142,92.00687531,28.633048466965107,9.720801085793632,394.9763208558143,170.4196141886935
28.69708334,94.30759855,24.19127296156037,7.951066458267496,359.3369194705196,147.22444635798695
29.73019662,90.97015715,14.32349780465393,9.560845686007283,384.2186602168302,144.08870430745085
29.54097171,92.91778307,21.139083686717008,8.032324723844882,354.6150676665037,148.96483184278736
28.80311922,91.78336933,20.76764583191936,8.594881333466711,373.2859404429532,164.10915029354345
,90.53330091,24.407663527890158,8.931478823284344,368.3712697124544,196.67522663831517
27.46583649,94.87679041,23.39466615387142,6.714562149101411,444.287352746323,158.6897048483919
29.49401389,94.72981338,10.99905404126643,8.220099559076845,402.3074314961471,79.62804323875835
27.79161808,92.51054946,14.361587083063084,8.499269232356653,429.12945530826096,134.39213187443812
29.12533739,91.52291141,18.5999558383134,11.352790494571831,364.621972126209,196.10186297008752
27.93114233,93.56161439,27.95432901713772,11.98271409808449,423.48121584907415,177.5494190482779
29.45771748,92.12534736,13.580952195016112,8.321081846213994,387.63263402353937,83.84224190851623
27.96872279,92.17444796,21.20284577988588,6.323453695039426,390.4367775220989,110.33546152077083
29.48882958,91.07574233,13.574201538317467,10.94813743848434,435.9387941940288,59.7206261876251
29.47156259,90.77069618,29.66921265657852,7.487120703864998,418.96455880955546,142.0114351619101
27.0767265,90.14362622,22.997797768847203,9.28376084257263,395.88140280286,186.15246948100108
27.30008597,90.80015308,29.01729669854916,8.319959880895988,377.7760050319055,133.2209310875953
29.82729394,90.79007335,26.29904135698009,7.926870967930492,426.865433247963,52.16698676252896
29.93061247,93.22980899,10.9771659955865,6.508541298638852,396.9105688373528,72.15140896743843
29.94349168,93.90741192,13.96817341455851,8.282612709579704,367.04841958802615,106.2236939279766
28.03306461,91.47355778,29.718802662604123,8.52445084631722,445.908047381875,87.57735236538299
29.8843055,94.0371147,28.76635936673021,5.733073394910208,444.1096206831903,72.30713628663838
27.7058373,92.91185695,13.89054977407974,5.585591473874215,409.12400945139854,64.98481666077642
29.78714005,94.65343534,15.304269463163257,8.122379230430038,378.9301810472269,86.34403896857418
,92.86597437,25.173891411542463,6.561525148614008,355.8301828469858,145.09261470629886
29.48069921,90.33698678,10.18326718307308,5.583184597681395,386.3280291932479,178.72965586230927
27.51492243,94.96218673,15.20174118005942,5.256058673700498,404.3035439399996,187.6483667148349
28.05457761,94.81637388,27.44235691881905,11.369397834282392,402.6935799865972,108.71324040127936
29.03167341,93.12603235,19.50739193707802,10.309420771716686,447.9899862656617,63.17126024087995
28.5854649,91.89216849,27.222030667553973,6.331846341198947,441.65408157463065,190.863552769897
27.08808014,93.42402083,25.91864489014054,10.197450527635374,355.3148292517624,124.1025900374143
27.99611732,90.84660317,20.16162587696318,9.824138501120643,393.9153004759589,94.9913289418162
27.87317436,91.14849627,14.784101974786136,9.344367129292078,448.1320661885984,192.0184285933717
28.96586565,90.71832938,16.471461498623782,9.87012106919969,439.8231443134894,125.15825561875089
28.87726019,92.48839665,13.269824653078503,11.9152319816753,437.0707352736042,167.24947652345196
29.17052093,94.19790371,10.46651067931968,11.674130478799595,388.4641805196774,191.2534211555187
29.34033587,90.01506395,22.54409971384877,5.577480723941079,421.0243098018575,64.62797134381891
29.07265321,91.91533173,13.380221053457213,10.836791280365704,371.3701392777109,198.59147432343516
28.68275966,92.50969311,15.361999194858749,8.159323380818503,373.30580541351753,144.8429930713454
28.92705913,91.39356832,22.56220609393484,9.267047843993495,449.1408288970823,150.26071411915325
27.99901833,91.64193051,27.211679894626176,10.77387706506159,373.0234971301738,122.47174379802878
27.59350075,91.79742953,24.993083810404304,11.465098626995124,439.4052439943528,173.2205530986008
29.87331077,90.60932469,13.250136856946924,9.8740792915098,438.1174240192285,150.50872882532622
28.55852465,90.45773041,26.294648510147127,11.362163527960796,448.70757203380674,86.9081438883487
29.19378695,91.46241065,25.928223604828037,6.05546406838709,369.644691057783,62.94746357426948
27.98780984,92.78226196,28.481007218753096,11.109384744664876,449.8746009032937,93.57449174116586
28.05380704,91.81758779,18.225796698593392,5.440460682571888,366.6973300893702,133.09081500702848
27.3506296,94.2911951,20.60551995945477,10.729707978944305,379.7764763601235,69.77260870422785
29.34081108,94.5513539,18.841556958957675,6.341708908050131,379.55644024343394,143.1594121272793
28.61475136,94.22253035,22.45000076480462,9.958328659406366,401.6464423611608,110.55182732646747
27.04863538,91.34685096,26.635816089859564,11.62431773711518,407.48487790145634,151.3622231215832
29.5275305,94.57459443,16.849234899690444,8.837008119081315,394.9634588682946,185.74288171329476
28.50416396,93.46806467,15.657421669721185,11.676280822703465,366.5140054861114,185.8120390273185
28.89578588,94.78993038,15.482003868699303,8.61680805634689,360.7642728889954,107.83159242222382
27.04927452,91.3821731,11.74140623049048,5.438513947236451,356.1379867706952,67.368604034944
28.96017885,91.69532178,29.92192257445849,6.6737503932801445,382.5391589214884,99.891483893477
22.75088787,90.69489172,26.113409078104365,5.621583404334913,379.08411221752937,150.12815322700828
23.8494014,94.34814995,21.628617930752583,8.151742374359522,356.8658498534117,81.99904938066902
22.60800988,94.58900601,21.30397886962401,6.923475312199255,364.3434206140549,196.67365090159973
21.18667419,91.13435689,11.002961984706907,8.081127863370025,385.9538933896109,189.28173817132395
23.41044706,91.69913296,24.791169815355325,6.308866921643073,399.65657603669626,59.18255794147022
22.86006627,93.12859895,13.751786166706776,9.400339333220805,380.9512071678573,131.7978832877462
22.48403042,93.40819246,23.3640544495284,9.298277618138188,368.6592834666599,115.60950887521344
22.02775403,92.96129462,17.59047228537555,10.599974027086876,392.3729093322231,170.3587734643768
21.91191314,91.68748063,17.407843898955466,8.48963089262138,370.69892093145774,144.24179620189426
23.71059131,93.27392415,15.669133663247177,6.3497644443697165,374.6092547448996,85.6429552683619
21.37784654,92.72043743,18.039768848277355,7.543042980960142,415.3838878651672,104.58563697151985
22.84852833,94.32130209,10.466711501339235,5.993289027099072,408.0719374833119,98.31206247356693
23.1094265,92.79630809,24.53864273647204,8.157212304809194,400.708683459206,194.95483184509987
23.25230817,94.54128292,28.95136222774316,10.376097395224686,363.3090243089582,192.4802887911603
23.67287749,90.4935574,28.86541681736765,8.033255774009048,359.26665674506046,174.60254598807913
23.76881552,90.59810302,12.078995269273094,5.36518580284117,374.4447056460166,164.8600279221189
23.34386401,,22.234432314251368,7.749101906311659,431.4571659736606,169.1939008270801
22.63946441,90.18451645,23.71006867594174,11.465042349200916,445.609192512271,104.58511312069894
22.45696744,94.76285385,12.466760932567718,10.941249180418676,409.24979148726055,140.52397899763963
22.96388477,93.58065995,24.52818341734456,8.254107466109113,366.73020742764106,174.44108517911155
21.07273439,93.56585985,19.771778480633905,10.171859964204776,381.1252362188088,160.5700206671807
22.44075021,92.70785115,25.696439102543717,9.710584101582256,376.8832007555286,160.86213273186013
22.71271308,90.45261746,10.188538529844916,9.333151503509018,381.72369348023176,141.78113696913422
21.70416965,93.44006288,22.752303725576123,11.275314174361974,381.9851567108684,173.23137948751315
22.43324518,92.48667725,29.191682533654507,5.384690510961596,355.5013888577361,125.71728859286546
21.25941052,92.84416234,29.04095459324176,9.977978519061551,352.06298874793447,70.62341794508433
,94.89613443,11.796683603416325,6.911885653476768,437.7135455076588,90.73060862841275
22.81212536,91.51861705,14.077575939367344,6.5681385624156485,391.0671375866932,169.86674221726693
21.12152071,90.6878768,28.391716965545516,10.955960365197551,422.0754293900455,196.5687514513752
21.11478672,90.31528693,24.857790589963248,10.543174492945898,397.5003899609742,59.82756219742466
23.59997268,90.97597665,11.327962406700324,9.208614193036311,368.19957629616886,104.21391783535574
23.12652652,94.71203306,11.652755460649235,11.203647226623977,437.9165663897639,157.67568209107765
22.98458907,93.3204487,11.705669623554444,11.031240437529217,426.2384069002858,59.69178781079182
22.12659387,90.97818277,10.700504071186604,9.046328778507364,355.2755985363056,163.8462939504583
22.53779727,91.48135786,22.457282140177888,9.640734746097454,390.6865748319925,60.91262251652109
22.49095104,91.70292746,15.408636668176758,10.722260489285857,392.6336743308372,137.30222940779225
22.35548159,94.47811755,11.015540427381996,5.704090026213438,366.3274996474634,123.05004763265087
22.20700989,93.50574163,15.044791862789888,10.032106494956846,372.7338514444381,174.4996444834756
22.44516988,94.73763514,28.0150103591898,10.4862989144302,426.55501727791886,107.05543847780145
22.76643029,92.12438519,25.459885233714264,5.1028052778845225,389.0423052155143,181.56692027820043
,90.02575116,24.98409356773446,9.192250122893032,387.82096577008446,175.96911718670944
23.6119202,91.70293849,27.128445818141675,11.171347054570935,352.325646860025,93.02423841221172
23.86087054,94.92048112,14.47862064779948,11.298922587832092,426.4196448669358,193.83550134129888
21.42177231,92.62665309,20.29288616518152,8.285456976683873,447.5150901688916,106.23472911657636
22.36629253,90.78572467,13.281507973530902,8.233735730247563,392.2929149385685,161.94945171388022
23.99686172,91.61001707,20.392678220973345,11.812086723102553,437.84645314715465,148.03075467634451
21.80129837,92.73446667,29.12903895406313,5.814658409334124,439.7016315341487,53.4847086882253
23.80436344,92.80441624,13.284375220342358,7.429618504094105,380.089829887688,57.85897807744242
23.71475278,91.53331177,27.2985938720396,9.430529081424169,422.4427235699408,98.52467306064544
23.34467359,90.37981478,24.96711936033529,9.69490834725315,351.97277376136776,117.46636790658356
22.31253665,90.03577124,25.14922916131482,8.387144258994542,350.90765647628143,126.3123458443681
23.50201428,92.21083961,22.18492472302985,11.03529617894829,390.0620401144933,72.08055734151029
23.46260321,91.45665004,29.45623917366988,9.695310869541387,441.3875801300943,149.6601923340302
23.06204373,92.39544055,25.878187165783373,7.754896103396362,394.0058145775637,151.21530925627837
22.47420512,91.22759742,22.81780915004636,5.198944351061827,425.2853736559992,115.48482677845352
22.69780133,92.82223419,16.89041734173178,11.225156416831354,423.6263955972688,111.23811524036503
23.66682067,93.90191078,18.299666264549607,11.468567589740896,438.11911526705927,89.35547461258068
22.50050273,92.45878335,28.47364418491349,9.905853590291304,358.6809607842175,144.64149658791513
,90.84422164,27.442749078151824,7.689288279713577,379.979666390656,189.37306810857336
23.64142354,93.74461474,23.801940601085143,11.058301839545202,402.9195238159388,89.08092975689905
21.41363812,92.99124545,26.748256387300582,10.232746252125846,383.92605249107953,180.33018142635652
22.85267372,94.5764581,28.124263002625373,6.732131540042072,359.2341474802378,118.97639051041106
22.98208095,93.84505029,13.764079363863924,11.978029634264718,351.3128431856589,135.8812099297652
21.19909519,90.80819418,29.813522103232984,11.58593411209555,431.8131247158145,160.51334488902572
23.87192332,90.49939035,29.997859652841264,11.250418266666054,409.7400810314742,64.11279989095868
21.0365275,94.33919546,25.260337171727148,8.822029979770353,385.9852522243661,195.02625406452367
22.61711614,93.51978375,19.021829020021308,5.960007143100009,406.8653140125368,162.18119764575658
21.45278675,90.74531921,14.434298232988604,10.185544937294978,401.3091769624517,95.32043388213488
22.81227579,92.12992101,25.836797345128105,7.311129495677685,447.4824053438202,86.89475594378672
21.98141856,91.12719303,27.11813855530109,9.61970248848016,412.5758969740788,168.4121573583074
22.52709326,92.54780429,18.906002562998392,11.657186547471447,398.8980954455944,98.17994985320148
22.35628673,91.92360477,20.416138917943663,9.769855539005494,378.7577992835709,110.10457348712976
21.19852186,92.15595143,21.17401651116081,11.52034177751396,352.65394337500305,80.12740659571429
23.8812458,93.45067555,29.610669156605724,5.635475174501436,400.24912328368384,81.90678243999565
22.78234161,94.36803516,18.113655543784688,6.865101788809612,378.9333206442151,80.76446303613021
22.19055385,92.43764169,28.87473793881936,9.148677995984755,,137.05991608616355
22.91430043,90.70475565,15.869740923889342,7.4082874944495325,372.70957915237386,181.41354229855995
23.08950736,90.22507299,19.442630222088752,8.694694923671923,412.2500757534764,161.21925512563695
21.72484506,92.83975602,15.737639960939829,11.35276243849204,402.96708553336987,171.3266760179174
22.44307715,91.59234006,26.033503023353923,5.535032968970341,392.2084427211176,185.20976571402215
21.1316077,91.95769858,17.5931236747446,8.646476508198953,350.7285162547156,172.30570030808298
22.71750705,,24.430866480639864,10.734956288926846,420.0482596515518,97.5131478051324
23.75033085,92.88160462,24.74209401355201,5.939698785620681,369.216200777788,116.19275842177083
23.76121837,93.661643,24.26292542082533,8.648658942336464,415.69340318817615,147.27590151496395
22.13450646,94.67695747,29.69277638902345,6.861763476260014,434.44450973730005,164.35702005773132
21.17089176,90.23730166,14.060726060721125,10.027869635696282,366.41008229688754,57.50181445050095
22.36238282,91.15761594,20.85026943377464,7.591362959540126,388.2919143840133,91.27591632380502
22.77856513,92.70124029,27.16869072995614,11.76314700212399,405.34817832554353,59.05723322645373
21.22503442,90.09877774,22.32911133423478,5.55416258140868,448.3046516695685,136.84939977105222
23.15791104,90.34396882,14.993177552546504,7.52662385848792,352.94057503769005,188.62834720899727
22.42776057,93.91722423,28.459380508253687,6.905693774451232,399.9789519599269,179.51523737879972
23.64082979,90.95257927,20.65470123376477,7.622637870245186,396.671259298517,182.8472792828556
22.29423493,90.69033986,18.513644209442305,7.633594637451805,411.53586210620085,198.34024289581905
23.35225078,90.90054697,18.59403333362835,9.448349325321049,389.3698139217082,112.81273123519844
22.03911546,94.58075845,27.06012525449916,10.305065825138264,417.2425839150968,166.40316489001674
23.80593812,92.48879468,14.299331698195829,8.044799744625099,353.2111378568333,119.64704260314237
22.31944084,90.85174383,26.716653238873768,5.24069234004205,385.461933260954,95.91734238511444
22.14464104,93.82567435,10.617323465665304,11.973004902774925,436.19679470873456,61.13385788468252
23.65167552,94.50528753,28.392120563130813,6.500656669541299,401.5209386625795,65.02089887532615
22.16939473,90.27185592,21.829635938189416,8.39664937244213,428.5798827658048,169.17738776838848
15.78144173,92.51077745,17.717882107211548,11.35176105881973,443.1801115795268,190.42776986798444
26.03097313,91.50819306,10.448250249599369,11.210980353267024,414.7778954980439,106.37861436089086
13.36050601,91.35608208,28.66993925620913,6.155411350559199,380.0298928870226,193.403415197646
18.87957654,92.04304496,13.866481527972097,10.802391219180112,372.56224301660006,170.58868315984253
29.47741671,91.57802915,19.95606803253845,9.640746221825342,417.7737472053972,81.96454449515383
28.06903173,92.91487288,26.9054708327141,11.857353603072577,397.7173662554347,165.86602552643964
25.66901098,92.04670813,16.12102292698541,7.863965833011269,428.68594501042594,79.02620312711905
29.77149434,92.00719952,20.888830393151355,6.468970771820089,383.5945842233156,150.2924298169918
30.55472573,90.90343769,17.156634719000138,5.958550887107908,446.6748470742034,186.84642598195143
23.96147583,90.26408017,19.909008468490686,7.6771030033571055,375.2356840846833,92.46507763832074
23.98289638,91.5473145,15.989417171902998,11.444717866598808,396.22752404732137,110.31192747268996
25.26052689,90.31153735,26.23058513231141,8.353557032325424,438.0803112537542,179.40272482446582
31.08368929,90.14362642,22.937653086720488,9.538533959149104,424.4455310643519,103.29541656452724
14.78003032,91.22062116,13.18098721687652,7.858049598547611,355.0992341702664,184.3890075474088
26.56608303,94.45239715,17.802350182908363,6.193539461714605,359.88391325899124,191.44476595253823
24.85903405,94.39000473,18.5749422761332,11.972127839672524,356.1224091652143,109.95121303031766
34.51465139,93.63812684,29.390817717049742,8.236420020585403,438.3446693931704,185.7874166292933
24.12188673,90.72351622,11.32035076596589,8.972845595590751,382.7640028696985,57.47004577105094
23.85340379,90.10522549,14.455353203603693,8.96264038095052,427.6041556818173,82.0149498853448
24.60297538,91.28408653,19.163848127334347,11.643485409402835,420.2687852695362,108.78074946007293
15.63211033,94.25966183,11.838777321520135,10.17991533648586,397.4920344540514,126.99140157649605
19.33516809,91.97978938,14.183409491732808,7.888856825737378,423.6691179428264,93.67651031815072
28.2620488,91.98317355,22.904246694002484,9.554330258679352,431.4504612685101,102.4069556815423
22.67594476,93.36348717,19.8048853159575,8.236676203856277,363.5396936970841,124.78645033513808
21.03200078,92.9641969,23.899279293392844,7.911919253711135,433.687910605299,163.74878454383958
33.23453301,91.06053924,21.33762498122857,5.629478435234409,421.896809621528,177.4639238170444
22.30318989,92.15987039,24.068975135530803,10.017654314100827,428.0222144861716,106.14279701735036
11.50322938,94.8933184,29.703517930278306,7.2423125107732,374.5170300923701,75.19724981776201
14.34320488,94.35734702,21.18148251517712,7.437795594195423,367.252320595142,100.9614403749539
33.1056981,93.48447453,15.53648439502464,10.736894523574655,366.3763492368787,147.10704852975869
30.49183837,90.4582865,15.540157561344648,,363.7281182779157,176.2610977771576
30.25578031,92.03272799,25.18414908131166,8.841332956391252,393.2208465382737,50.575000290818906
12.22816189,90.26457428,25.073403819008497,6.666063585709995,405.57275153310286,187.1053772921209
10.01081312,90.22399223,19.209226074995136,10.9134946919068,445.8517001648266,183.6387930341021
22.79196751,90.60901895,24.5955387307174,9.580872817965432,363.9307984592116,136.83634986946586
20.18432263,90.65458473,26.909881697175123,10.559544927778472,398.78482592988223,96.9527603057806
30.72119881,94.01331956,22.79244210343155,9.748895290710369,424.7288607368821,125.19015966383434
24.35590861,92.39651663,28.698326575942925,11.480737028284894,446.42943364563695,89.34279936720634
21.21306973,91.35349216,29.417382729870795,8.858378115096784,418.10824529855466,147.03936237480713
10.78689755,91.38411917,19.724745791936545,11.478897800573964,409.71141988184047,92.09545066731168
11.89925671,91.34663797,15.35845327102689,8.708804364311758,353.91442476933975,114.4325132652738
22.56664172,93.37488907,18.269990490067197,6.7380793492675375,414.5950625533006,70.9905654056479
18.86883219,93.24688124,11.21451611986409,7.702836020860988,368.0124981990626,185.3772992005613
17.34083741,93.04897191,15.44449160051871,11.795494183700711,387.8222179503325,75.79029387760536
34.90665289,92.87820148,25.40678677362972,7.210015507968928,408.66637701380034,89.24663345599373
24.53610067,91.90997228,17.067900874513,6.261862244192833,440.6841595601946,143.83393670900392
13.8377282,91.74780462,16.876425328309097,9.36382328513665,419.7294128123874,157.6281074590163
22.3551049,93.52211892,28.399772046687875,10.653238823796048,416.14392850243024,138.27973225942475
34.74004942,93.12316972,28.58072392236164,11.706888410405456,415.10146996862863,91.57575487446012
11.54785707,94.14861001,17.11827360971662,11.971045780920512,404.43869739904096,107.88225859661672
23.13338811,91.94670335,20.87396807319682,7.616996239200082,410.28654275614974,74.10143217829099
29.98364695,94.55239717,15.532948055771902,11.113951510497884,435.80862839346673,89.48404263562622
20.87947369,90.93756231,16.398181219278232,7.511546293823313,406.5161104918442,72.82220008131874
17.24944623,91.13772765,18.83368125391216,11.768008548015032,442.64260833650246,191.5888374663804
15.83388699,91.68293851,27.152322635424103,7.892048333285752,369.1409143601832,114.59086392109124
23.01014302,91.11764246,18.55664335060832,10.99382106534437,435.1333793125931,65.99854769206468
16.39624284,92.18151927,24.289082081608385,6.69379390586635,445.43504502966135,185.812297993258
24.45132792,93.10527686,12.90586964418318,5.654151819909976,395.6033776988041,52.065936254978766
31.87859192,91.15248149,20.95082841874664,6.356475642247812,440.0543671079957,88.55773094043481
31.34920143,91.48247612,11.417388819274958,8.169594935563422,383.48786843989865,62.14217555060688
18.05142392,90.03969587,11.170926213548938,8.954606384703032,434.99215487370105,166.23807531343883
30.84835031,92.86773675,12.740281803182636,9.340071976673787,438.1066017903882,194.57941698092668
22.45616931,91.52781832,23.109576281045197,8.500433767004509,375.778800035062,117.53397303357164
13.70319166,90.95589386,20.54809814425508,6.444050705537716,367.19701820321575,132.56550711881744
20.48954522,93.72485075,16.501703945706403,8.659614756162684,386.49150599849855,145.50793722437163
13.20844373,94.02769434,22.392835420014197,11.751601563416376,418.87789018994624,53.51958225515938
32.31944397,93.67804556,25.085537537321954,6.49299939240038,410.6477140827169,150.30286046657392
20.68185224,90.91510525,22.44502242500509,10.0860109211849,387.2517414027026,154.41193582304
31.52675982,90.50621806,25.43151559963759,8.984180250929612,354.88273356929244,65.0409171983259
25.35467646,91.81183218,13.45110052752798,8.801889520430612,441.5990458292334,89.49092365451492
17.66545409,91.69865887,24.63273222117275,8.932815593544875,444.73265782731175,113.38844856342548
12.59093977,91.81668769,27.154031934792112,6.762180113710674,424.1857623339886,55.32030300915854
11.86631922,93.68394562,12.655452806967292,6.662520579307481,430.4005660552921,88.93148007885189
11.03367937,92.22706805,14.717822426835928,11.186505684314644,358.5474689895075,152.74213974097623
25.2990432,94.96419851,16.20937179133302,8.371574695234713,401.9603378965288,162.02079593347247
32.23797837,90.15406807,22.92781897921299,5.000710080682302,410.1201698671626,112.80201618444777
17.68408797,94.35815354,21.559579416776657,6.009661553881768,354.6239250964563,58.9990592594726
10.2708877,90.19147747,25.887347343767445,10.355202962513577,377.67148291309263,188.5975130541039
17.22034507,94.78797376,11.861813428727714,10.729333831577774,360.1742264957766,87.60129437319478
19.667056,90.50096668,10.355936537780083,11.750802012423376,397.22509852364834,136.52812950472273
10.35609594,93.75652041,23.61436403669359,10.899322802178885,355.0610845574044,124.67794503336516
27.255435,91.71369387,16.42877792270614,10.764748606168569,375.4028471018693,102.53898626170164
34.5917846,92.13229786,24.740204926385942,10.047253504017728,376.5914856638108,101.21400155139924
32.39523995,94.51768464,21.525716715643995,7.996244143718383,424.0717114345999,120.89310430237936
10.16431299,91.22320999,20.63192670949056,5.58174605264778,428.7289405006187,93.65842811310648
21.49118657,93.43949693,25.316237537597253,11.179797230921327,446.61504908231177,117.6780472521611
16.53460397,94.76759975,28.583340186150693,9.864223862655276,355.3336258630668,169.56510545966745
31.8520694,90.12220323,20.02249345533638,6.874258310635085,409.484642538185,182.2686981342696
28.04799508,90.00621688,22.869532887274897,8.587313261994838,387.846342902421,92.14397378109769
31.75048899,94.59551226,14.254746874307283,8.960905953506693,383.4597979845663,168.49897510630896
29.07412717,93.27189064,25.539072244651912,8.326355753647563,434.4716514175756,166.03620633787108
19.14381903,90.71037456,23.599825691650366,7.334661089219814,400.2016697565316,79.44622616438309
16.14820285,91.4448027,16.894401696679736,11.45499524273139,440.682271389205,191.838880151938
34.05296914,92.05811721,17.506104900338258,9.114820452651497,358.2793320388245,170.98431012417248
34.51423957,90.56151463,19.163308249971102,6.819156019852653,362.10524316418224,171.42217387702792
32.71748548,90.54608254,11.768006354308664,6.9699264699318935,359.4114741118136,166.71645261209306
25.16296632,92.54736032,27.860009940953976,9.97886116575005,374.3814059451658,180.4699161363673
27.68167318,94.47316879,25.60735510337522,6.967093237374402,357.6505647321644,152.36010018960314
21.35093384,90.9492967,21.39328988700335,8.711074061499891,410.6515834598084,175.70639527144527
,93.25638873,15.937523119314164,5.678524831557894,387.1922370686192,193.8331498056675
35.21462816,91.49725058,26.906733431816317,8.094210582447051,446.9325387470367,66.74536138917273
42.39413392,90.79028064,24.630705355725333,9.838624617032435,363.06215302282817,50.59066760979931
38.4191628,91.14220381,17.689887685589287,11.17526415070004,407.09745971095145,125.27353873095548
35.33294932,92.11508608,16.71903240081658,11.151482968541917,351.5093383830188,152.79247734549136
42.92325255,90.07600528,15.801002180552723,6.026434694085877,400.4953542179545,69.10336413976074
33.83508569,92.85470152,28.51272102702705,9.54255101337206,434.0869495846282,154.32569950263985
33.20258348,92.76437927,23.133311760793937,5.206002585320413,351.4400030229795,108.49517382088932
23.48546973,93.71043692,24.362217189717786,5.037598914860304,357.86444260247777,59.53224919680108
29.33710543,90.81781439,20.57806871041672,6.833847467393654,440.69803506302543,107.33412752411095
40.21199348,94.50766912,15.998537217446074,7.3166649415101475,405.3691060633182,78.34577613332343
42.13473976,91.70445386,29.96510053555073,8.091486437429555,427.6542033390301,124.1169805911808
32.86316618,91.4618874,26.025871410582305,7.415531516033113,410.8754041553115,186.5566680066508
29.80744318,91.38048469,11.758750963342976,8.360162510605644,439.1502542932764,75.79408069846781
31.56213762,93.0484859,13.076911809501064,9.659630983448285,431.2971058439253,181.5982824154924
36.32268069,93.06134398,27.59924349991253,9.9096545383974,371.9735878548882,81.17609615791619
37.13165026,94.60761797,21.47270928827209,5.2166001960276125,,120.40306872208537
38.4418717,93.63739039,22.71343868769598,8.647468397564543,389.99455344596447,142.17322355458816
32.66160599,90.78931681,25.44367907664966,9.134143278405844,412.60519392092544,102.1504071970941
27.92765919,91.55594211,14.28098187089007,5.354143026222712,394.73910909525534,154.58206965789654
39.01793345,91.48815629,21.400903958536936,7.844285145399443,421.8725514997335,184.73272952225392
32.51247398,94.65904123,27.51680782535772,6.992055418883276,378.9777047711418,147.14808723458407
38.72382798,91.72514851,12.320207864219697,11.773380409258277,382.4298910249767,197.05595676081188
43.30204933,92.83405443,15.672019150218633,10.030074710130776,448.4191630291825,114.86358735953718
27.58548913,90.72526502,26.472415085220625,8.590445796367279,360.673574659591,94.40254529005638
40.78881819,92.90951393,28.25670425292909,11.458037887774132,439.12809790291857,170.09907330161417
23.19451074,91.40301608,20.606943190508154,8.726609010417487,379.57753443749294,56.41980671575871
32.68067385,92.61715632,10.219504284814157,6.528084248073613,378.9902964247439,60.56229027196673
34.28879307,93.61082872,23.42219641313224,10.576337451363688,370.8579748959736,101.46591411909164
39.30050027,94.16193416,20.59763893573932,11.189501728091354,360.30001444180607,53.72585695826199
39.73149053,91.12220596,17.24999906685082,10.63767362609802,380.7922374145383,113.51330147935133
39.23342464,91.25589286,27.566634062193124,7.352670480122367,391.4204131931389,85.82814174036538
27.34734861,94.17756725,27.51495608001963,5.773551576938972,404.9383997057176,191.3005440783266
40.76998685,92.09278584,26.183722397131493,6.665055808453818,421.4469522386095,129.9997512190551
26.26559543,90.79668055,20.285976168436644,5.609673138826256,393.7095905892368,82.84986088221976
28.12971499,93.3210737,20.130745125682004,6.564028474815308,375.65245835940925,163.98884187683456
34.2804607,90.55561637,12.809403007775856,7.827531975185479,401.0686704739008,114.98219635444806
33.7960155,93.00754254,22.964571499729807,11.930850096151314,366.3059160623532,134.10739186977622
31.53243779,90.87394933,18.957775711030543,11.5911098887517,406.14212451613696,57.82081369386991
42.30495821,90.51431779,17.770429913323206,7.276931187299709,383.9926581856439,134.47108304361345
24.63676897,90.61964344,25.068816466184494,8.662425238583827,401.9428811151547,86.20303706454222
28.28222883,91.37059792,24.540671714294103,8.389691867117223,415.0911056518783,170.1647152006396
24.48620746,92.98254537,10.813331473912516,5.806257740065444,359.6413904532819,158.06994422078694
42.84609252,94.63548176,14.210942109074615,9.24173875175236,369.6457490373534,181.660152592948
43.67549305,93.10887229,28.041730230148183,7.165073062005311,358.4591609771533,93.28564001541702
42.07213781,92.92203105,13.498886949366664,9.9410212288764,375.81662396986087,143.50055339798018
33.46873719,92.12746225,29.622119391729196,11.547187533828357,392.3215243721685,63.53919782739117
31.7018373,91.66232213,20.921706614577328,9.434376180303488,423.81430538338856,161.26803363553313
41.41968393,90.03863107,18.77062109893473,10.856886340709185,357.8232048174297,98.18447734746894
42.54744013,94.94482086,18.03068164167901,11.514039151714517,445.3386353659589,177.31715702677437
28.91842453,94.63676767,21.730712007454187,7.761420487723624,411.336130348508,112.80966771998814
43.08022702,93.90305729,19.46664456625801,11.199261682818031,441.05031329217735,65.17159146098425
29.20300896,93.96834049,27.67820147200708,8.521516084785803,402.7840041902042,94.00318740089084
41.04224355,91.37258067,15.73426619316704,9.735432027750162,429.0868837795624,178.05323719589924
25.62446619,93.18240298,14.374812486344188,11.748985339044086,,182.9951374348527
35.32876402,91.06138506,22.554211948709074,9.83705306002928,368.86347557526057,100.1668949802169
24.42561272,92.27749066,18.330854935563828,8.677039258369108,431.75835903619753,68.94242075091458
31.18298415,90.21646909,21.933087138686584,11.902642349589078,406.1903114453313,196.91445049736092
31.88342554,91.3256535,21.22727358628693,10.850690165679472,383.7154492040982,94.1873355775962
42.93368602,91.1756748,16.915447591455198,8.372122167960576,374.6563668485717,182.8726454614149
23.11407669,94.31994776,17.999723092851553,5.892382831145507,403.20816847270726,80.62705005038588
24.87212063,93.90560147,20.619743664679493,6.710702041729311,367.6703463494828,106.88710097637318
43.36051537,93.35191636,28.77414580138868,8.87551048853432,359.25108074627644,81.9316744947925
26.83054058,90.75379971,11.309831371911493,5.0714170037735,448.6888447299148,198.4233497105028
30.42012134,93.12659793,29.31039012136707,7.270578820475427,350.4886293609476,54.67683678575163
28.64555584,93.22642604,15.463638590216256,6.183840318458334,417.35711415412857,100.41706609048376
32.50037548,93.47888842,15.812551079924324,6.680321177299812,383.794161597533,101.15899477501355
43.03714283,94.6428898,24.05184914662287,9.098483094141416,440.28735842551663,65.24990332515739
30.10773379,90.34546355,29.96830156148778,11.03634322695537,449.57696849086807,91.15100840908072
23.69212243,93.61055571,18.989186141616887,10.481355952176196,441.5363105686713,160.90684564463436
35.67667332,93.30641944,26.59149417677811,7.635273212664643,352.68705674271735,185.26459460837037
27.71948962,94.43877142,20.81634125783072,5.132527921778863,388.2653687962985,159.54434391971674
35.26824831,92.38282957,12.880182784384491,6.745046811389404,392.4968055649721,60.29661497795084
23.16855863,90.78821158,16.67152868568296,8.700724638793965,435.0955856703055,121.30225101269946
33.08706051,92.25197542,20.75032364103968,10.036085975127882,431.42833870235,70.42554517173872
37.4620912,90.44967809,19.413015581216605,9.303116707579065,436.413075590918,191.4291436179693
38.73218907,,18.391528472838345,11.247329936870983,426.29370594045065,179.056655107626
32.57720726,92.74889453,12.67830209075946,9.991371069784996,402.5532718370433,63.08649555151926
38.38231475,93.10378595,15.356110722789817,9.974753841432836,441.0147575005636,107.52075426853716
42.93605359,90.09448142,19.52105779434329,6.714192007809455,350.29545308835804,192.04750810771645
25.65492304,92.74501561,16.461293179091783,8.700239373898267,414.1092392649068,161.07910666314754
37.58899717,91.99740365,18.503828246385154,7.344281639266306,429.5751203680354,115.7926273533095
29.60718808,93.15642801,12.691603799052496,9.53448807748208,446.6578846141623,134.14889439761612
25.34756111,93.02871078,22.17965115410852,11.265646666045278,396.6818245994328,175.09407966380385
25.9300384,93.02357765,11.945961317375025,11.131772235434482,431.7912529958204,178.76407708699185
32.76795887,94.57377401,12.892683752551337,9.10811222510089,415.5113254434804,135.1950054273402
29.02328049,90.20396783,16.968561324686164,11.572935894240398,433.1599342778494,100.96652717377616
40.00439101,90.17015833,16.741834928011453,10.695138267239702,392.8326348204279,141.23295765435176
33.32315744,91.25271223,24.095735927477847,6.613956303206415,410.4029842986661,95.49500531647568
31.22790131,94.94021378,11.56234004875522,9.441318144058988,435.512422862578,134.12398555651336
26.68386496,92.9585411,22.223867837770705,11.991041166034698,445.0928333539549,174.27636651034845
24.70528368,90.14732171,12.229344875900477,8.68766313523803,440.2387447636792,72.54698356028473
38.2016825,93.97379963,14.351445771487692,9.375731170843435,370.9920181602563,151.52352085772986
36.56769731,93.79503425,24.49355731481664,6.450266954796312,375.0944220839695,93.8098323732352
26.05375792,93.69111672,28.531181252908315,10.90337389622462,362.9395830741769,128.9369769910385
31.29986342,92.76039164,12.158081008876223,7.188123807435622,445.296645879074,54.97336759069617
40.10207731,94.35110201,25.366454882396543,7.14360928854546,384.472627255641,90.3097770916595
38.58954491,91.58076549,27.92906065152072,10.729712021368185,428.95427221803067,127.77157188414058
41.31330062,91.1508798,12.306331603805344,7.963601147559772,383.27592212103394,144.60947761319864
37.03551903,91.79430166,22.13431433463313,6.284040826899938,429.8422302507863,54.61860794195268
23.0124018,91.07355541,28.859922890212687,9.247626207408471,394.44898774360695,175.53791354036383
26.7627493,92.86056895,25.848772595105103,5.547351615501868,390.5855324394667,56.22154661233122
25.61294367,94.3138837,24.07107657655872,9.884225554204342,414.6855482190528,105.15702117516886
28.130115,95.64807631,14.66127783457232,11.823272625945926,361.8024913756128,67.56219982028082
25.02887163,91.53720922,26.786372404317703,5.787683954209762,438.5321089204349,97.50124190798894
27.79797651,99.64573002,13.724500461809814,8.85214723602008,447.5694448079091,177.32410271255884
29.25902906,95.11294697,27.98666961602581,10.616487657847614,418.0574324719819,84.75182050119653
27.10134661,93.69979946,16.73073733205308,11.717986457524564,360.5390239229956,65.63500131260565
25.84726298,90.92669463,23.35090475621889,5.599985356972839,360.7020117401953,149.76693048590732
26.58580443,90.98617591,19.01764886400929,6.536459743956851,439.8660486511585,140.73452527343795
28.38503882,99.18843684,17.547595379350277,8.707117330592318,436.6246490506351,121.23391848759056
28.43647052,91.81320717,26.40740953331289,11.297603687864656,353.12362330738256,175.23213079211382
28.27298134,96.93649473,18.117574438098707,8.963345323362665,378.7289576179632,72.99056012372688
27.00648436,96.46168931,28.56188591654544,7.706410327644193,408.6193841424184,94.42803996985612
27.63551259,99.34854917,18.384330070476658,9.674221139746836,445.2675017756765,183.293246619492
26.29644905,99.65809151,27.59950501573593,10.912798116359667,384.132912808226,149.26296739232674
27.1326009,95.23797989,20.57670167577803,6.115956850773732,368.3515065086322,93.64842568508509
25.56567803,97.61361544,25.891091923669727,6.854979293600513,376.7681591658557,151.77160143792923
25.94951662,93.40548703,17.55277740851953,11.837722915945754,355.1512753867021,135.80677614696026
28.03380598,95.01630593,11.05272560848151,5.531733445891389,375.048715800932,192.6223789965811
29.12859129,91.30924833,27.681269146344203,5.374747741644067,393.7850278283644,66.86053887350167
27.0828252,97.00155491,22.469894116469312,10.85840698912399,420.049052282345,139.14192755622366
28.11321494,90.01734526,14.004584887409244,11.313738989522694,406.1676368069324,184.9570551423476
27.5136304,94.18955816,22.495507240741382,6.055778348566757,400.5690145514541,60.4888514255235
27.63834933,95.48763389,12.574152069211795,10.7480932106707,422.4297040073561,80.29805841517742
29.01256899,94.01014388,24.142284407863755,6.485303235512436,352.6204626403467,168.81338534918729
26.58413917,95.78923137,11.24208903278504,7.04475007710191,376.7105078801732,83.283197225888
28.28905147,97.00396405,20.03952444600173,9.627592649295243,394.718892949172,86.28313765206225
28.69164799,96.65248672,19.062385610598604,10.754512309632853,366.3388136020389,75.259615568046
29.70931288,96.30484325,11.05834190341838,8.871298508138285,374.9140671027305,87.43087634094319
27.14865285,96.66355213,18.2935657813962,6.088326787733639,378.5933231407973,144.17810757194673
29.28725038,91.95614918,25.228928159218903,10.03037958625439,401.08699444694514,180.31079213191427
25.06871967,93.31410447,12.625081303372337,5.306418161939492,431.1380754243637,74.42049577513521
26.92449525,91.20106019,28.29449724086291,9.738087070163392,379.92057502773247,133.9575737472112
28.27804288,93.64761266,22.0821728906488,9.291660158272716,399.8712486457196,176.4055643498201
29.18032562,92.73041222,14.876704045611946,9.300566906802162,357.9677096994548,137.99130805882788
28.3575072,91.64509299,27.998149316613365,6.085519692208339,442.7296468425696,128.13692601333287
29.38072512,93.27565685,24.56715739284488,9.14462692927476,,144.7176546223448
25.39241091,98.08951196,18.09387348442908,,414.9952738616644,94.15617383873035
26.31270635,98.62048026,19.72179833331019,9.846962210939342,436.8449979193406,101.56258993777912
29.52501367,91.91185319,16.634203658287515,10.946292106549755,355.4610442229236,78.15967896209568
28.83214859,92.17170353,17.416790208175474,10.983112036109588,398.08737130329934,78.10462445279582
28.48444906,97.76865458,25.65831556186053,9.340298445388672,350.0019704275458,174.81614704427233
28.74013335,93.39676499,13.2375226078302,11.040453474568938,353.88128664791844,137.0380544014738
25.00872392,95.59224018,11.009555763380677,7.12754520742984,403.9513641256721,167.7721023607175
29.8690834,91.14723422,24.25224762503133,7.258072697703888,422.0706975655987,165.13135951267918
27.54273211,94.59086121,16.945426191100967,7.273847794633417,427.6224568647473,186.9399583187092
26.52166434,98.38227669,20.43053659143354,7.278447655319965,371.2845395402207,180.3156871963681
25.03512351,95.89739958,19.77070664765405,9.601293077974397,356.8766082316087,136.49242735419497
29.20394909,95.66997327,17.79403942451213,6.892845591645347,401.420922363291,185.57782693209828
27.05826457,91.10510371,24.179420794925647,11.826794772073344,410.229758806242,196.9320972619908
26.18552389,96.96637916,22.675344541677383,11.047891097451831,396.5693714846035,131.5541856611116
27.59376845,92.48519606,16.09776051154894,6.533611710247795,361.0268665641798,189.98897760140355
25.76011662,94.65830608,26.44792305494764,9.396610679011395,411.2526950098273,131.5650423396615
28.87862994,95.11320315,23.206261667690804,7.848375167905652,362.84787910823246,50.31997772500782
26.50908611,94.48414544,19.058790654673643,5.617939168016613,401.5783193970102,162.28107493535322
26.87037587,91.72546257,15.851283719089109,,384.3346705719765,163.86326353788792
27.57283516,94.90485697,16.6099940590011,10.642414376528968,426.041984072096,181.9037122773005
28.05912437,98.3670985,14.99349287714806,7.9533027633440465,370.2835395604524,139.65365017368123
29.51611558,92.56492864,17.412679457142016,10.874366965850182,356.67022479917455,126.83110482603188
28.96318258,95.16333673,12.174878731885316,11.383576155488296,382.0061739243414,98.59417987999171
25.09897688,92.36099489,19.288614241246933,11.016505233110502,369.01414334298767,64.36667170653654
27.1872282,92.19906776,19.58991367356124,11.812742290914208,355.20729929836784,74.81203324299918
29.03065024,90.79093862,20.27668828856517,10.681520821111908,449.4365181807699,170.52421669656854
27.754298,95.94643831,28.400944581202737,8.072236813128825,376.5711259758857,142.4222220056953
27.31155708,99.96906006,23.78700520580369,10.617535843134,445.3073647583381,179.6158835391582
28.84270971,99.64328526,14.736332609330848,10.301020177317902,425.7532461575619,75.87943190560725
26.61423461,96.97300803,16.200104463510527,5.170492337908399,395.27031002128,165.94990266410656
29.70143197,95.65754365,25.40115617331712,7.158422122566827,371.14856728558976,182.39127625283865
25.54759871,91.64194826,17.951842175818115,8.395177722367302,356.8031428850272,123.32145763633378
26.37978453,91.49882979,21.683632285849384,11.7745667441686,377.8808975360482,143.1656958270931
27.45907759,92.90736493,12.972852034216771,6.732214959570486,401.0203581127265,116.83778477149886
27.02269204,95.71935435,18.437517983027025,8.749067327161278,434.52247583987713,50.6998237195811
28.98545306,90.73966792,10.536952344835465,9.682660248294887,443.0465008431289,137.13483831777512
26.1055118,91.52421214,22.05467331894432,9.683031892389703,403.5923655569988,116.92754646988348
25.0707247,95.02156793,11.895978475898856,10.098279992897664,392.544760190408,70.45662778244707
25.54963273,96.92786777,21.81278116743666,7.431273146946202,440.0249011381589,198.7775467148289
28.56973521,95.67906668,25.23095719185271,11.1260941635648,385.7619313843591,151.80501921476332
26.07010807,96.7036223,18.217609908990507,8.759752820381056,408.93826905324335,76.3411469234891
25.51791333,94.38420565,21.341096377656136,10.853760783085717,418.5962862464961,177.53011086159125
25.9490364,94.73860514,24.90522693546585,8.673997495443304,399.05875581047184,94.03569099237106
28.2974764,95.41122824,26.156173665281365,11.986368999772056,364.0036020562467,129.736753962676
29.56549169,91.40896307,15.895201313092835,9.894367062593885,419.8671922494208,64.1520826617105
29.69952329,95.21224392,23.74527134815115,8.191548540718255,368.50467966078656,199.3009022781461
26.14162144,93.28415295,23.838467121601667,10.186602971811064,432.7489898118616,86.80142964390808
26.00175125,94.79998418,28.69534537930209,9.939970884906234,366.2566965778691,186.4145156277011
27.15116142,91.48889469,12.474496428881569,8.921713861193423,449.8255557137157,195.2346878090338
28.97318719,98.09861043,28.180092196465523,7.907547340160317,423.2506609317392,145.056030870783
26.13958446,96.38580769,29.57022162944702,8.093444382471684,397.6369543558951,177.2173099167901
25.51618488,94.33465411,28.060707035450054,6.485153277466552,372.2154939065511,192.10339009153964
27.55821802,99.98187601,12.210252656801796,8.859667956493599,371.0067261229897,103.38397336666306
27.81132822,97.48410555,14.741278343993498,9.328639984893313,446.7417610640879,188.716862852116
25.60033702,99.7240104,28.12604180725749,5.40072177442714,434.7076079525561,122.58442238147552
26.91641934,99.84671638,16.93443790337816,10.888459274360963,368.7938768970136,86.26157186087448
29.1797902,90.27214288,21.96322763179176,8.547045891536722,407.7857176357071,170.5637601461586
26.44600063,98.29937782,15.487296064798892,8.642128093237076,420.0996482606779,137.7724042089612
28.43572863,95.8840407,29.45772492848779,5.597789328109737,379.3502566085638,67.75173160506834
28.94099669,93.00109012,12.198011201576117,10.954285012613456,407.4361134570364,54.41892583282219
26.45488737,93.45042636,11.92328660471102,9.396827899714566,389.1303505884624,70.42307201385259
25.79490531,93.84150618,15.359092106395895,5.13312265498206,443.0797828400724,164.07256879546418
26.93141945,98.80313612,28.987565067884525,10.619209385938056,401.73191600635,102.93148149286117
24.40228894,79.19732001,28.151764283507717,11.955776009621214,392.08986740457584,109.26891104685524
23.09595631,84.86275707,25.180208907319944,7.699290418161665,404.1230358724431,107.03346401279396
23.9656349,76.97696717,27.74253815910057,8.745028257890997,350.3601471144205,104.12017826725751
,75.62137159,14.713067683521118,9.95690591265646,418.0982208429959,89.52382420142655
25.36243778,83.63276077,27.36776018446006,6.416953204079634,437.423465947126,174.02835566705485
24.69457084,81.7358876,26.552156408079167,10.129147866317142,419.6961158553345,128.37322086780338
25.0017188,80.53965818,16.55843681624998,8.579862214019014,395.5142655898112,178.67179927151457
22.45942937,81.30681027,17.731656666551252,10.263876923889867,391.58740589986127,149.45025430962647
23.60564038,79.29573149,12.053316118446787,5.230294451819854,409.31818927800487,147.20971780241263
24.58453146,79.12404171,19.96078418278641,7.963666543720995,424.5597416379186,79.1857549214844
23.0865933,83.55546146,19.26752852271388,11.778235179133643,372.5699987975912,83.87280823515061
23.5000992,83.63488952,15.499224597901106,11.522603942528242,378.6989028975375,199.20101231526823
24.1472953,75.88298598,20.14844764267223,11.263396494389593,391.7079448119956,72.6739770822027
24.69315538,84.84422454,20.412640997085227,9.47102263300408,380.664141353043,188.73347457189928
24.484692,84.44932014,19.62375841771384,8.131240889369506,370.5996019770353,59.234874881477324
24.49112609,82.24415809,21.64441452211161,5.130420458515761,351.7499825728234,76.11877588535036
23.47986888,81.73049149,29.540618719300586,9.73780575553948,393.0088382374352,95.16569532665643
24.18586246,76.04203958,13.46017893156329,6.769630559847569,374.0821407480896,56.82282248985309
25.00755095,78.17952126,25.451043959019973,5.450609756798874,373.3117907934975,159.6303245962132
25.99237426,77.0543546,10.904882585409904,6.611569616474132,405.7825221380586,161.77995862720428
23.66457347,81.69105088,14.073355684063886,7.231411225977618,364.53270821073056,159.23748821557956
25.66891439,81.38103349,27.81550260634695,10.656090212883411,413.8062052511188,68.87109012508323
22.04612876,84.62978302,16.766984283148666,7.011374838983805,376.48286322921257,192.08180975102624
22.4204752,84.55794703,28.371856639154164,9.210787081190144,431.7404550138395,81.23566601135084
25.03149561,82.21276599,25.389506442999338,8.699757899631175,390.1334567180708,181.2150130763364
23.53371386,77.21705554,16.03414939021262,8.890457606870449,374.3683109613544,141.9852223927301
22.77076388,82.5993307,18.788352745099555,6.524711838644853,356.8775740122797,175.20228947499794
25.49848236,79.9751579,18.305105619287808,10.364054606247024,365.41887242615695,140.7413931209254
25.248679,83.4630147,14.897121614712535,9.42837343370543,367.2667563248214,143.28337589266903
22.78249615,77.51235009,25.840350215857782,7.449663623939765,441.78934846838615,138.13067316391346
23.37044424,77.43198948,27.146712359936515,7.048998021004702,386.2054331027368,198.2633189264652
24.86560781,78.22080815,20.29456309019759,7.672901302405044,403.0252003615748,94.53131341632512
24.14386157,84.51591287,13.104822277411008,5.2380290717357765,363.34137845092175,56.382029648308986
25.03300222,79.04368718,20.72493921446361,11.79632103946498,379.082425662472,141.12587680711164
23.65724079,84.47601498,29.052629196736945,7.638445276990009,428.9912942208484,132.26659088462736
25.54359718,84.09229796,13.534667485478328,7.174165988779304,424.1510879875234,104.4420320671254
22.00085141,79.47270984,23.388197721763337,6.675978604610906,358.7862440180498,83.36220378606667
23.64328417,78.1258666,25.703843421335844,5.042195988491201,385.5707664476288,189.5644399706865
23.96436009,78.02763149,24.612350370749787,9.933686503383129,403.6620998948868,132.23336948200455
24.65425757,75.6350708,23.94513129849401,8.928584142699053,364.2675572824239,110.12290359038155
24.3017998,84.87668973,10.893473198635954,10.08373113797298,399.7727236433949,73.30732639108447
24.29144926,81.02453404,18.16567313749778,6.946458734128365,396.5445042647143,158.875942161854
24.29470232,84.61527627,10.950341192921014,10.151309655748838,388.46093759492766,111.66790528806304
25.72180042,81.19666206,12.356822407038637,5.814740524688752,446.2518285548885,198.85529488313992
24.87663664,76.30050373,21.42811371676072,5.457210684558276,394.9594380003614,150.15861990749454
22.60612115,77.34264002,19.20594693836033,8.270083920039438,434.32774055279054,69.17362155791035
23.86814008,75.68339729,14.077493384495256,,438.602221577484,190.94487581847693
23.41022496,76.43836957,22.91270387755548,11.18279265524372,382.5196264773826,53.43846084784839
24.96440768,81.31677618,21.080100035680427,9.364610876016208,433.3213432233627,147.55935061973446
25.16820129,80.30351815,16.446264715540345,8.919073520175008,414.6803777868065,167.77064746707694
22.72767171,77.07598065,28.651471114102804,11.114211342146731,382.2187609468167,165.17017328031994
22.45145981,76.25674874,12.808849928179969,11.81328964976978,403.9755539596891,143.70680006155115
23.04920461,75.53835214,13.858547155976744,9.354336506825092,384.13793125542537,147.23531360005626
25.29250148,75.66653335,13.75048118487548,8.57706875090549,352.17829430470425,134.6839331670297
22.95604064,82.33733678,28.133405808609727,7.351589844112478,431.94945515124914,166.09544676544482
22.80213132,84.14668447,23.597865975941374,8.2678961751759,360.12789074603444,165.65608019107017
23.54234715,75.98203329,18.496974931381,5.456600314634341,388.53193332374,72.33558555901921
24.41212325,80.80343786,25.658079513064248,9.042823844892308,371.8106890652331,150.88962236027547
22.94276687,75.37170612,11.299444545646748,10.08396838839369,360.9387416283293,104.5190869980034
25.53676123,81.13668716,19.537341490138356,8.211086305922594,354.1407482579642,187.63211963423333
25.32023717,81.79475917,11.368837456120149,8.816594487390685,392.41565692017673,72.97582053038352
22.426733,81.53480799,23.39587454955139,8.921316309333184,379.0155619795568,133.75254055073822
25.78544484,75.00539324,16.989144158084784,11.11529225937914,398.3178779259425,115.45965542586548
25.68959532,77.90621048,16.548476182735968,8.102046048722038,353.7443802359333,196.3036365283328
22.14593688,82.8597549,17.927525764518553,8.96623863596472,397.3128062150633,114.74288319379257
25.07278712,82.50257909,18.39284468693581,11.617691965140017,411.6124798892004,111.55123078154232
22.21506982,76.17851932,28.28785501593033,10.651890766766137,406.3559725922266,118.81855400711676
23.9643129,76.59175937,20.18986891815401,11.216177439580608,422.7666727143589,124.49528681289584
25.40059227,76.53237965,24.22831197302924,8.613266387278342,365.1912146423112,95.96432240050252
23.7805123,83.03878838,28.177092280000103,7.245895374782523,411.75945998901545,98.6687847794456
24.16402322,76.7433897,19.89646830056421,10.804023470209728,381.54457505677385,103.66412530165331
25.31468463,77.91757121,18.178618713912197,5.178290862765839,356.0045768973722,115.07131093177586
22.60361557,80.3509046,25.065182462428773,10.08944135593795,377.5556467310298,64.67934168250915
22.9535715,78.71555832,25.766288275380237,5.592013854303504,431.131650347325,147.87500524727858
22.74446976,80.41198458,13.467257051310288,6.062233006437458,400.3356827960958,182.09581558472436
23.80834611,83.91902605,22.873426498240647,9.065676466358717,404.52874884660633,199.3239390961693
25.46228792,81.56641891,22.76091181290154,7.386374826438994,398.1470695634857,82.29613921373789
25.96779712,81.97904282,13.022598702062304,11.809362025557908,396.0909221177417,117.21200367055792
25.5308271,80.04662756,24.064683454107023,11.508539472849543,428.9813666051365,74.79008678109258
24.43847399,81.69801729,27.904626369169414,11.754195476803131,443.2702606334837,152.93451220153014
23.03887865,76.47039772,11.074538017793024,6.883082739087616,427.9341285220829,135.43701561765482
23.51308653,76.72621429,28.914272623918485,7.931491404456913,414.5398333736644,59.97389337799559
22.75805656,76.75768356,27.198144361077667,9.352468944495424,408.6695069597138,128.67267650647986
24.71252544,77.7293114,27.25517702793857,8.095487396564256,375.6970971156829,82.92349760862379
23.45969093,82.44777468,18.14693937063096,6.259547853655869,358.3806884002048,101.24255467488209
25.5503704,77.85055621,18.25119166815632,9.846418472622364,403.5119885768368,127.10205805068446
22.08458267,82.82904143,11.97656288098738,9.932916505559009,428.9127337715887,
24.68854799,78.51206972,11.85753074361109,5.815439838678499,392.3362362817738,152.5063049534814
25.84997269,84.16855231,27.24570257396686,9.062056008036237,354.45783306873136,158.8562078594927
22.46054478,75.40989245,19.114633279682558,7.231303593125018,441.9517549248638,59.79659947949696
23.65629976,77.52425987,20.017110778545348,7.687168112600203,444.9521990314827,78.21373884062353
22.00817088,81.83896111,19.292906949041857,7.583181167762778,386.3464442481928,75.57770860579086
24.32630461,80.13456404,22.065704318970912,9.269441149821509,432.2661112817719,71.19616412063493
22.92360984,82.68738535,20.7554159609588,8.617874563563923,409.31363506845713,144.46740640892386
23.43821725,78.63388824,22.22145513378657,6.671864132446136,387.552957685502,136.9636866266148
22.10718988,78.58320116,26.092338856094248,10.20069756507834,404.2636624943853,100.1320043635288
23.03814028,76.11021529,14.05782656290738,10.204616717910426,363.6025116457563,197.7090028013876
24.54795322,75.39752705,23.505031095110127,9.143337537960416,354.94630269592705,183.1554601710277
23.73868041,75.77503808,17.976434107611972,10.027443505191568,408.1755344769629,132.68552470180828
22.31871914,83.86129998,13.813650400922198,8.34975507621451,391.089095045729,95.54231955177748
25.52468965,72.24850829,17.767683965423615,9.24746776742683,420.1000900008126,90.71533074830155
26.59104992,82.94164078,20.422314869535917,6.0764845949667485,369.7869676066505,100.40715349485444
25.29781791,86.8870535,12.431389871478997,6.733361719861563,441.7362374391358,161.0080343731229
25.72100868,88.16513579,16.512402224199015,11.269242967838313,385.9980856162632,135.45289720660742
23.58419277,72.00460848,14.229025841834249,5.561572493298895,359.8558802432774,85.88590405276469
25.31042337,72.01364411,17.990423375580363,10.262731519378825,400.33010827374966,88.94495060282044
23.41798979,85.08640476,26.249124348998212,5.626831309488358,386.76453970930186,123.14717910109164
24.35564134,88.80391021,27.017947967752875,9.496189645224485,371.886326792061,73.49137448584582
26.284017,75.14640198,27.402756808604323,7.4821032292117025,426.1112481116733,112.2517031298554
25.13842773,83.12053888,21.105961905060312,10.796293780301172,410.8531797346537,79.66631936179628
24.88692811,71.91711523,19.88370803016982,5.159691775102584,444.985436205019,134.1933724816157
25.75734909,88.36668522,20.078951481109264,11.222086580953109,360.3151911757925,194.1069926454753
23.12844351,74.68322732,14.583181562911136,7.49781843907736,366.1989278079281,94.96520622103009
24.9949957,88.95692783,12.098465709033963,9.08177787769231,374.526673255268,71.62654108913281
25.21622704,70.88259632,20.862010923388805,9.253882618460915,430.4077230987176,58.24457670898289
,79.26861738,25.5540921371553,10.944399559588474,407.7958455610235,170.1537412234884
23.31410442,71.4509053,19.39425294377949,5.2273008772391805,432.29269742835584,122.50392426926216
25.72668885,81.86171563,29.94912784213244,5.396148610190196,377.2772137178462,106.32891145592926
26.96656378,78.21047693,14.31311338573272,6.241785974632963,367.1083431343126,155.069503923141
23.70467146,74.63745355,21.56306756467927,7.830123596933335,394.6632719072597,146.4564477356177
24.90075709,73.84186449,17.575165149551303,9.992272922742142,353.24811903748906,113.18721463676528
23.39605743,72.60512854,14.63885547774006,9.077472656154496,435.9599507861081,163.76032302773902
26.8748389,79.78725152,28.5806924590807,11.258799588250945,358.13206798864894,110.76121976142352
23.1426498,74.99739774,10.265691516507482,5.116130450561281,413.4414836488416,126.8711016436148
24.29496635,77.62976013,17.012374321392628,6.704144652357225,423.55375149509314,154.3674169663304
24.39459498,89.89106506,12.251031402864813,11.430076189429538,417.6484722028566,188.98464258484907
25.7629429,80.76238215,22.172512053007235,9.12947889086137,411.9692935578049,163.43800910790304
25.4879684,84.48235878,26.664930509052184,5.263525883776876,416.7253694620193,116.41522335611764
25.37122686,76.2403666,29.77048860504933,10.123506146431708,421.4597292172297,118.58062381506628
26.21312799,81.70476368,29.67466452862166,8.64698442766475,406.37165600380274,62.46309885826663
24.30748599,78.54340987,15.92219423365558,11.239182777496858,367.3272334225397,189.26313026753405
23.76554749,87.98329901,15.89334840525219,9.472242736053078,367.18793334703327,145.03510317652302
24.79853023,78.53037059,26.59739862161026,8.572153555461853,364.21018617871647,130.48816989268084
23.20683504,74.09956958,11.137798914431894,10.3789979060236,402.46865250999616,77.82306231727507
23.66805429,70.89000744,19.60395265222304,5.473169555710194,350.7298872165086,173.81983700175644
25.12417673,85.72530641,17.350890535659858,5.064500727080514,438.7106174320103,129.77503007345933
23.89069041,83.46409075,17.84149031862414,5.127257454972142,444.4014318840174,181.6964047695043
23.09433785,81.45139295,29.62550698044328,6.142220009582688,363.0069045499851,104.25653441626622
24.21744605,82.85284045,11.875862812343083,9.194175525919777,377.6270610977994,82.71159650091977
24.06475727,71.31342851,14.490836811297964,6.1295810327624825,380.8524847776745,144.02693009425735
24.85441411,74.4407048,11.994661224514807,10.740460823444456,440.5133918928584,53.769386633263714
26.41915161,76.85691248,12.025555160607496,11.502773055482097,429.6499234756257,191.9222335308865
24.89326318,77.01222585,28.032778544167662,11.735085538919598,363.4576574943276,55.32314645831764
23.25583402,82.7015932,25.99834271950722,6.698883076662428,355.5107802090195,79.37790618089647
24.7634518,87.06071115,11.134390991338917,8.19651499448606,404.8906890138018,
24.97042599,78.62697699,14.322326690337254,10.968102409782272,383.1094264883892,159.0612978646435
26.12797248,80.49172597,16.88963551289274,6.591885012250675,391.0434003142103,64.45643709539047
25.97825807,81.65769588,26.30656244046749,7.48385675944597,431.9402962828727,139.84111070565928
26.2830571,73.35763537,29.71032072499192,8.922195595344332,428.5129675237852,70.41464777902965
26.38905406,83.31240346,11.006101701812238,9.17961839567448,427.3508020333488,83.12536483820415
25.2746335,73.7459581,13.26369870476028,5.409148034004714,380.68142226451135,166.65320338716063
23.09499564,,11.137747225723729,10.021245422120971,437.4852342847917,194.24591722676288
25.79351957,81.76904006,12.836443377920071,8.838726255734736,385.8714198266298,123.207132632611
23.17403323,87.88255345,18.736511205272382,7.502184619010908,438.78502873012576,124.88223124446776
25.63215038,79.95150917,17.777651691177912,5.018772898195607,400.2651142413955,160.15599456340544
25.848795,87.81661683,26.81682366852201,6.143599104231096,383.9369475736786,84.74815710430966
26.56767277,80.90424543,17.892974836777494,9.933301211672209,371.1748826617812,135.55711637823214
26.24532085,72.97198375,23.955364277581367,5.245321767685116,389.4225831248365,189.47641097269684
26.91515043,73.19897535,12.913834094108532,9.20013880802732,384.8411608277872,145.40000161285036
24.36972377,82.11319791,21.172513216459222,6.212717363147618,365.4885544526411,95.98675306839488
25.71901283,79.15532398,24.77096279268085,10.67045691408478,381.4463733247702,194.74072848189388
25.01157559,88.3313023,12.080064187509754,9.056126892858863,428.2111580281057,114.7675902185968
25.40785911,76.44048625,10.667365708154236,7.770554294053623,380.3170050509744,152.24530754196064
23.28081,74.27607475,28.927231809538224,7.431161152925293,368.2032681605779,170.75711101332783
23.98651719,82.09053379,29.050821528983043,11.634342487107205,449.2404637687343,138.30857038925944
24.48556447,83.20630007,13.212868150613586,11.625648002961777,421.681766610136,109.46797305121976
25.86705009,84.09985284,17.858398944634363,6.5574348766597605,370.0576266141891,182.14286974123425
23.5643831,79.46283115,22.49987358583689,5.86017438648281,362.4246970466864,125.25619331237893
24.2248758,74.89465426,11.922048094408044,7.621747158783365,431.35107778622665,62.499750155210734
25.49386782,86.97061481,17.605865260017964,11.47686839125588,429.5470145896964,96.17313824721587
24.97178693,79.47557931,11.984999511463448,9.932451794794478,405.1681447131298,60.08990062055904
24.80624984,82.09281674,19.28135004488415,6.32506460728552,381.6521268522965,100.14754802451723
23.16814977,76.66724969,12.4965744125287,7.005498522421753,386.65571535436766,112.63467953972662
24.25133493,89.86454053,19.444760785788063,9.356738405047029,354.12957623423733,185.73748184444383
26.58361011,78.00774772,15.963386244910325,6.860736818152619,381.4761389743183,126.8376477754022
26.82489244,78.20392774,23.950618925887262,10.803973301795464,357.14696548221514,109.79351370442777
25.49674786,81.13449097,13.140437181572864,8.454868693367024,376.3522231292921,63.11786693361304
24.09874353,80.57226761,29.320803383265737,10.841926539136791,364.2674914846384,142.44955946225565
23.18866654,86.20899734,26.199649350380096,9.964893812816792,362.52965050613307,199.75266291345133
26.24347471,78.51063754,10.118846759257703,5.118375024424661,435.2827190980384,172.22092375134736
23.75091572,71.14782585,11.050504794004382,10.588695965157465,448.567572175468,97.48689569336932
26.13871511,79.1188943,26.41942634413939,11.361445878468135,435.75884997288887,199.34446417920003
26.14576648,71.23690851,12.48595862613647,7.565290591076894,436.8874430350763,159.0952197795702
26.91643698,73.48655995,23.761118388351555,9.419083757405009,419.779603842178,154.70129490087294
26.5232969,77.17331847,23.02564795658849,5.9338743984225255,402.4551683491664,65.09420423563071
23.81579631,80.94023552,18.557868625019392,11.65546072136413,422.0592725568684,138.0230653907572
26.50838667,86.84264005,28.006202417960747,10.183317757799433,430.0320457841388,56.80563952591434
26.63952463,70.95705996,11.561910846849637,9.944284454255342,,198.86073234488808
23.3250131,79.79609448,19.674002504009135,7.194031324863888,351.5400665170053,191.4007487508728
26.47549543,73.96164569,12.517358028129866,7.237639560452281,405.8698101113194,127.2137803144458
23.78756036,74.36794079,21.5002212703505,6.557478499022682,363.97253400695536,51.66199226377792
25.49941707,75.99987588,11.088520793789092,8.40502494360062,439.7359116479536,99.06898365313128
23.24925555,73.65346838,11.44437823312961,,418.9531220231509,118.66986461047102
26.98582182,89.05587886,23.93873377525639,5.047153245226385,431.5642628573068,105.3239386518253
23.61475336,86.14290267,11.720043870140849,8.515349483132098,445.71728785225775,158.38056632585693
23.87484465,86.79261344,12.30894752723027,8.480217336443202,394.31301792814014,138.81985669420368
23.92887902,88.07112278,16.93858398518732,9.734811612028617,368.36703225905217,150.99400840434404
24.81441246,81.68688879,15.927120810494973,11.674255493857403,410.0294704795285,193.1377293725812
24.44743944,82.286484,21.21379205595914,7.054745566339386,387.4314976445148,61.46814443865807
26.57421679,73.81994896,10.634014274492008,11.07108106947015,389.9805891906126,51.34953291673352
26.33377983,57.36469955,16.916588897200498,8.322250326195732,383.7683486342638,194.40826186030029
26.45288458,55.32222678,20.00090771188006,5.997592758159894,376.59011332198287,62.746796299975976
25.70822684,52.88667115,11.578841258002315,5.596198992370247,387.8157092686401,169.4328990770692
24.12832546,56.18107663,13.43354524879422,11.341732874161586,414.7191629562111,177.33795580329695
23.44372334,60.39523266,23.83029627976708,6.952318185060211,441.573071314323,172.23787995872692
23.4123707,52.26994674,26.868761849494668,6.741904344963057,373.9811437698543,118.79743314609638
23.05951896,50.40609436,17.16695726308303,8.791710334527412,380.53872995131246,194.0162531452228
23.07895447,63.65861483,19.445991850298363,8.920955547529887,440.7218160890714,71.74147023571035
27.6496114,51.11044023,12.866965731468312,8.200849142363136,425.1492620193771,109.65935973017294
25.46743689,69.35161206,26.42388036618837,5.582737093186684,402.81011459049824,186.78007391067692
26.7350622,55.55164819,25.93487060842017,6.87062451863867,421.7018818546001,132.539808630373
26.20811417,52.50987966,26.91636743348764,7.72310561741066,435.41885890370287,57.67770222215255
27.0424167,57.27927475,16.94238300403439,6.685100446153818,377.29932607094895,92.9304495126446
24.65090184,51.93952357,22.03348979894905,9.471675369785345,355.83539287539054,176.59092295464893
27.35152643,55.99375012,25.97531776991413,8.759641046749937,425.70262113387287,109.218648206975
25.17787724,62.26244581,24.825085623972114,7.810870397388827,382.8688718983793,68.3801094728131
23.11438731,68.00096043,25.920081711119483,7.766460938619801,391.0900065641717,102.84335315147642
27.22783677,52.95261751,14.878731823205325,9.457576993628766,350.7416042469828,175.31427140341918
23.26316991,60.5160021,18.125823639529287,6.5941879720830725,378.0270202057277,72.0669149096092
25.234661,57.53161469,23.488739391031093,6.565148259904972,354.5374430412891,153.87646097082438
25.59535262,57.72920846,23.64276517827145,9.48364054176714,402.90296188444654,187.73782800471037
25.5674832,60.49244602,20.171119633832078,9.500470579224508,364.6431887093297,126.42537348564473
25.67324193,51.29043632,21.98237866520371,8.403351292704773,384.4297077162644,171.98740161433886
24.40726724,62.65692638,20.85250953487601,8.588136130677029,396.304411058434,175.60337085708113
23.69287069,66.76090123,17.95969252858681,10.910253684547104,402.5011555829496,69.12106949243804
24.53460016,66.99765375,29.205015410113376,7.537815906152752,391.10751734789454,75.27380919682
27.13140403,52.89368299,17.618101316413828,5.161529270817132,371.4524946176257,131.16201999919878
27.56088634,68.49299897,17.474198570513803,7.551936808345527,370.75486062461,120.79611718561684
23.59302313,55.27564977,27.915403777453815,11.579607701972815,394.31605037234056,158.2043406876614
23.17714381,52.13864034,18.698452007810552,10.484388433306886,439.4925335174895,152.25029262775763
24.71384065,51.29142534,17.69191629213744,9.617037122852144,396.57144766926046,135.37321556442475
24.38534644,64.72543073,26.01864083720235,9.812013773967552,418.5921240609715,75.28772241518749
27.15998538,51.59100753,19.81781935120666,7.540677613010809,353.2357380876273,165.54972520658615
26.53543168,67.09608099,28.95513187638016,6.211927667006483,372.027630992602,92.53851990842692
27.01207284,60.76645256,10.88876336302598,6.803256378557872,433.077292196548,127.2907759934466
27.55906475,58.45742907,23.33584732483188,11.370563794545754,390.0262964148799,82.73182407679495
23.32293161,53.00366334,12.461034644235166,5.163131303483213,377.1336250830626,89.16928413341029
24.23850608,54.30329632,18.562032154156064,8.584143607039973,421.4198876499133,114.84027538489264
23.42611644,64.10651528,19.804419449448886,5.377435729155208,363.6208828288428,93.09903631181432
26.02241444,55.83288958,18.46564171808544,7.609507154217084,404.8419881713641,65.68642913016697
24.83846178,56.7685316,13.942680096299735,7.42341351260527,384.1442158977517,166.57501416749966
26.24092174,65.64381357,17.74077642660384,10.06869948232751,376.2624448280993,182.681854889132
24.43011925,66.02411187,26.454242212497533,8.068528842901864,419.9904782249104,66.89124515598157
26.00373964,62.1445102,13.805697759104326,7.008864400801875,444.2434818025607,124.50062155154735
26.22367404,62.26594559,10.987355311073593,5.995550680786487,354.5034516926162,115.09741006321192
27.09617155,63.55324262,26.8667605830191,10.33057406192339,423.3618374428057,60.64298108777543
25.64004392,61.03273481,14.9647460866055,7.202522250308457,422.852472559832,126.57700672097238
27.74576987,54.36976075,18.27194337646806,5.532054683888051,376.9964505985208,138.38444969912155
26.24928198,54.28617819,15.18124692778565,6.923654041807552,352.28795791204976,135.722410908214
26.67377159,52.24226285,20.360542273772705,7.971147115660766,432.801439502271,79.34047464731918
27.10210397,55.7497332,15.577928881206464,11.050800992437654,374.8130436211387,93.76314280269176
27.62975458,61.26002598,23.62934942267834,9.519423243741883,424.1598888473711,192.2284224026493
27.5364547,55.51673151,24.574820971757987,10.255972786240116,359.0953660818536,189.86700450443
23.56960509,50.56339727,21.86333969000896,11.675816121834451,357.9644881496432,89.48282616023883
24.99451759,57.93250202,19.0286584127108,10.141647777709782,411.3068795284176,123.46346585724932
27.56441788,54.41094079,22.44272000830292,5.481214317637382,387.7656063373172,174.45942019867135
23.98143338,61.10935084,14.446748288731564,10.900613027177164,422.9443590813135,108.46449825704296
24.22984659,67.37768353,26.40756000379458,10.183756187835456,431.6035329030406,194.6207879685117
25.60153969,68.66257977,13.881553404963675,5.686624894851892,379.33956966204863,148.19280414683715
24.31274458,53.57285558,13.627410365181795,10.786744207932111,409.3152900536683,111.12982220320887
26.36629861,52.25738495,14.924920535153532,5.051497384979205,406.9730796778742,196.27523976474484
26.5602777,57.1621814,28.33827875897421,8.669736494107692,399.3916409234175,127.13765674405565
26.35034208,58.50650238,10.53147663917586,10.984976791896049,385.5478722920658,85.29477172866314
25.20406808,57.88370456,27.713555970828143,10.138153276039969,426.6243207428062,96.41907705083196
23.35723208,55.18792166,26.861193728314632,6.797145617548467,422.0344641940794,110.28795171033818
23.60567546,59.68849145,12.621666672039906,6.91387497730444,369.746464940774,180.4040271237194
24.18471151,69.94807345,28.39294463671515,10.980414962783447,437.01222826349294,131.22994914109483
26.44414097,53.83876189,19.50173649981193,7.928251969651355,412.6056260090952,152.11563219325274
26.12492233,63.37479229,13.125280180931997,10.81370162055756,400.92712760364265,178.03667223125913
27.77363343,64.47858698,10.701686070933352,7.780727629804778,354.518088205616,64.62505399434005
25.55656667,62.67087838,20.08117304427345,9.527135134219913,402.9879089068223,135.68817026686753
27.92374437,67.96910852,19.74268426244155,5.316290311731468,355.00655880103204,59.70947809294499
26.05968403,52.31098539,11.829330126916313,5.303627120250579,437.5212181900934,66.67036516664521
26.35770906,64.57578034,29.312188107723514,11.319390083366883,364.8397279643288,174.3271360684962
24.91370487,54.15319242,10.224701079795066,9.52112513153054,417.5384051292857,159.70702350617273
27.31317116,68.4233391,18.19586032923393,8.708390763414553,388.7159821051115,66.28186119150821
26.1387869,52.26311691,26.43013321598364,5.94943080378396,393.9986146068263,179.59627225967
23.1069385,67.06230539,23.57746130613952,5.643907629623579,394.8054015016672,111.91387152472907
23.52648086,68.44030686,18.51719879757228,8.671470953871694,400.6513360157355,109.21127413478104
25.11711046,68.48030408,18.216295729891232,8.98387529345675,434.2719469982167,179.57380433576606
24.02952505,58.84880599,18.438362596834462,7.521657810214986,422.2391345728312,91.95561593563122
26.70897548,69.71184111,28.74957900448052,9.852503337545429,379.52279688142926,77.12408576411302
26.71717393,50.50148528,27.90183973869437,11.66215282517514,438.3686605750282,105.9968443526586
24.59245684,56.46829641,27.08999571578561,9.42978416041818,393.01596681145656,198.916139691058
27.51006055,50.66687215,10.07925126717412,11.3301193793534,351.1478149280893,164.8741166092643
27.57847581,58.52534263,23.320519483369495,8.95465588980817,421.1340156439659,77.71366892549729
26.65069302,57.56695719,29.82678851172236,5.318890246281764,375.9990681812312,64.4249385943942
26.97251562,62.0183627,13.803873596397116,8.167869320141943,395.21538339259575,169.0513042392963
23.17124551,52.97841162,18.296256557764067,6.428406067678784,387.01617304183736,167.9479081298221
23.52652084,65.44340921,12.642971277836256,9.915135131088793,410.448728365925,56.844488326645646
27.30901814,55.196224,13.19095469253482,11.480067670234824,416.92345520012736,98.21511003205694
27.54823036,62.88179198,13.508814256108518,11.133205665256488,408.1436896431313,146.35756501438993
25.627355,57.04151119,28.477930555278643,5.424222642810601,407.41728729455775,82.204708513072
23.29250318,50.04557009,28.4397675573041,8.12970400936235,374.2861496672049,78.32780393541171
24.91461008,53.74144743,22.85402795020538,5.486677104030552,429.49592157786026,125.67752272746044
26.77463708,66.4132686,10.697756538547267,10.330875167890731,439.0790691558914,185.8333807032337
27.41711238,56.63636248,12.203829682038808,6.070558371589788,405.2595398699845,198.54102074271773
24.13179691,67.22512329,28.98917552954813,11.097182116394928,360.48260538132587,86.72438065470436
26.2724184,52.12739421,13.642304736922634,8.097337065880122,415.5143138839929,72.19142098690531
23.60301571,60.39647474,23.911727578408552,8.639741540157758,413.1237161382283,175.10424061806972
